"Freq [GHz]","dB(S(1,1)) []"
1.4,-0.6783102097572
1.40015,-0.679431927877825
1.4003,-0.680556381618928
1.40045,-0.681683579759492
1.4006,-0.682813531113248
1.40075,-0.68394624452883
1.4009,-0.685081728889942
1.40105,-0.686219993115544
1.4012,-0.687361046159991
1.40135,-0.688504897013227
1.4015,-0.689651554700945
1.40165,-0.690801028284753
1.4018,-0.69195332686237
1.40195,-0.693108459567759
1.4021,-0.694266435571338
1.40225,-0.695427264080141
1.4024,-0.696590954337992
1.40255,-0.697757515625684
1.4027,-0.698926957261159
1.40285,-0.700099288599685
1.403,-0.701274519034036
1.40315,-0.702452657994681
1.4033,-0.703633714949951
1.40345,-0.704817699406241
1.4036,-0.706004620908167
1.40375,-0.707194489038784
1.4039,-0.708387313419755
1.40405,-0.709583103711538
1.4042,-0.710781869613571
1.40435,-0.711983620864479
1.4045,-0.713188367242235
1.40465,-0.714396118564396
1.4048,-0.715606884688253
1.40495,-0.71682067551104
1.4051,-0.718037500970135
1.40525,-0.719257371043255
1.4054,-0.720480295748651
1.40555,-0.721706285145296
1.4057,-0.722935349333113
1.40585,-0.724167498453132
1.406,-0.72540274268774
1.40615,-0.726641092260849
1.4063,-0.727882557438119
1.40645,-0.729127148527147
1.4066,-0.730374875877699
1.40675,-0.731625749881888
1.4069,-0.732879780974403
1.40705,-0.734136979632718
1.4072,-0.735397356377289
1.40735,-0.736660921771788
1.4075,-0.737927686423295
1.40765,-0.739197660982531
1.4078,-0.74047085614407
1.40795,-0.741747282646543
1.4081,-0.743026951272874
1.40825,-0.744309872850494
1.4084,-0.745596058251565
1.40855,-0.74688551839319
1.4087,-0.748178264237665
1.40885,-0.749474306792668
1.409,-0.750773657111519
1.40915,-0.752076326293385
1.4093,-0.753382325483516
1.40945,-0.754691665873486
1.4096,-0.756004358701417
1.40975,-0.757320415252199
1.4099,-0.758639846857753
1.41005,-0.759962664897244
1.4102,-0.761288880797325
1.41035,-0.762618506032394
1.4105,-0.763951552124793
1.41065,-0.765288030645094
1.4108,-0.766627953212315
1.41095,-0.767971331494185
1.4111,-0.769318177207358
1.41125,-0.770668502117702
1.4114,-0.772022318040509
1.41155,-0.773379636840776
1.4117,-0.774740470433445
1.41185,-0.776104830783648
1.412,-0.777472729906975
1.41215,-0.778844179869729
1.4123,-0.780219192789174
1.41245,-0.781597780833812
1.4126,-0.782979956223625
1.41275,-0.784365731230354
1.4129,-0.785755118177749
1.41305,-0.787148129441849
1.4132,-0.788544777451244
1.41335,-0.789945074687336
1.4135,-0.791349033684622
1.41365,-0.792756667030966
1.4138,-0.794167987367854
1.41395,-0.795583007390701
1.4141,-0.797001739849102
1.41425,-0.798424197547131
1.4144,-0.799850393343589
1.41455,-0.801280340152335
1.4147,-0.802714050942536
1.41485,-0.804151538738953
1.415,-0.805592816622245
1.41515,-0.807037897729248
1.4153,-0.808486795253266
1.41545,-0.809939522444378
1.4156,-0.811396092609703
1.41575,-0.812856519113729
1.4159,-0.814320815378588
1.41605,-0.815788994884375
1.4162,-0.817261071169428
1.41635,-0.818737057830655
1.4165,-0.820216968523824
1.41665,-0.821700816963874
1.4168,-0.823188616925225
1.41695,-0.824680382242099
1.4171,-0.826176126808809
1.41725,-0.827675864580105
1.4174,-0.829179609571469
1.41755,-0.830687375859439
1.4177,-0.83219917758194
1.41785,-0.833715028938584
1.418,-0.835234944191026
1.41815,-0.836758937663272
1.4183,-0.838287023741999
1.41845,-0.83981921687692
1.4186,-0.841355531581076
1.41875,-0.842895982431203
1.4189,-0.844440584068054
1.41905,-0.845989351196739
1.4192,-0.847542298587072
1.41935,-0.849099441073917
1.4195,-0.850660793557524
1.41965,-0.85222637100388
1.4198,-0.853796188445066
1.41995,-0.855370260979609
1.4201,-0.856948603772817
1.42025,-0.858531232057167
1.4204,-0.860118161132643
1.42055,-0.861709406367108
1.4207,-0.863304983196648
1.42085,-0.864904907125965
1.421,-0.866509193728729
1.42115,-0.868117858647954
1.4213,-0.869730917596367
1.42145,-0.87134838635678
1.4216,-0.872970280782487
1.42175,-0.874596616797612
1.4219,-0.876227410397525
1.42205,-0.877862677649207
1.4222,-0.879502434691632
1.42235,-0.881146697736177
1.4225,-0.882795483067003
1.42265,-0.884448807041436
1.4228,-0.886106686090406
1.42295,-0.887769136718787
1.4231,-0.889436175505858
1.42325,-0.891107819105667
1.4234,-0.89278408424746
1.42355,-0.894464987736077
1.4237,-0.896150546452382
1.42385,-0.897840777353656
1.424,-0.899535697474042
1.42415,-0.901235323924941
1.4243,-0.902939673895445
1.42445,-0.904648764652771
1.4246,-0.906362613542679
1.42475,-0.908081237989905
1.4249,-0.909804655498609
1.42505,-0.911532883652787
1.4252,-0.913265940116735
1.42535,-0.915003842635482
1.4255,-0.916746609035233
1.42565,-0.918494257223825
1.4258,-0.920246805191176
1.42595,-0.922004271009736
1.4261,-0.923766672834948
1.42625,-0.925534028905711
1.4264,-0.927306357544835
1.42655,-0.92908367715952
1.4267,-0.930866006241822
1.42685,-0.932653363369105
1.427,-0.934445767204554
1.42715,-0.936243236497633
1.4273,-0.938045790084558
1.42745,-0.939853446888804
1.4276,-0.941666225921574
1.42775,-0.943484146282311
1.4279,-0.945307227159166
1.42805,-0.947135487829529
1.4282,-0.948968947660505
1.42835,-0.950807626109423
1.4285,-0.952651542724357
1.42865,-0.954500717144621
1.4288,-0.956355169101301
1.42895,-0.95821491841776
1.4291,-0.960079985010163
1.42925,-0.961950388888003
1.4294,-0.963826150154632
1.42955,-0.965707289007798
1.4297,-0.967593825740164
1.42985,-0.969485780739862
1.43,-0.971383174491038
1.43015,-0.973286027574384
1.4303,-0.975194360667703
1.43045,-0.977108194546447
1.4306,-0.979027550084313
1.43075,-0.98095244825374
1.4309,-0.982882910126536
1.43105,-0.984818956874414
1.4312,-0.986760609769573
1.43135,-0.98870789018528
1.4315,-0.990660819596433
1.43165,-0.992619419580178
1.4318,-0.994583711816459
1.43195,-0.996553718088639
1.4321,-0.998529460284084
1.43225,-1.00051096039478
1.4324,-1.0024982405179
1.43255,-1.00449132285645
1.4327,-1.00649022971988
1.43285,-1.00849498352468
1.433,-1.01050560679501
1.43315,-1.01252212216332
1.4333,-1.01454455237102
1.43345,-1.01657292026905
1.4336,-1.01860724881856
1.43375,-1.02064756109155
1.4339,-1.02269388027151
1.43405,-1.02474622965406
1.4342,-1.02680463264762
1.43435,-1.0288691127741
1.4345,-1.03093969366951
1.43465,-1.03301639908464
1.4348,-1.03509925288579
1.43495,-1.03718827905539
1.4351,-1.03928350169268
1.43525,-1.04138494501448
1.4354,-1.04349263335575
1.43555,-1.04560659117043
1.4357,-1.04772684303205
1.43585,-1.04985341363446
1.436,-1.05198632779255
1.43615,-1.054125610443
1.4363,-1.05627128664491
1.43645,-1.05842338158064
1.4366,-1.06058192055646
1.43675,-1.06274692900333
1.4369,-1.06491843247763
1.43705,-1.06709645666192
1.4372,-1.06928102736567
1.43735,-1.07147217052605
1.4375,-1.07366991220866
1.43765,-1.07587427860835
1.4378,-1.07808529604992
1.43795,-1.08030299098899
1.4381,-1.08252739001272
1.43825,-1.08475851984061
1.4384,-1.08699640732535
1.43855,-1.08924107945355
1.4387,-1.0914925633466
1.43885,-1.09375088626146
1.439,-1.0960160755915
1.43915,-1.0982881588673
1.4393,-1.10056716375752
1.43945,-1.10285311806969
1.4396,-1.1051460497511
1.43975,-1.10744598688963
1.4399,-1.10975295771458
1.44005,-1.11206699059759
1.4402,-1.11438811405347
1.44035,-1.11671635674107
1.4405,-1.1190517474642
1.44065,-1.12139431517245
1.4408,-1.12374408896217
1.44095,-1.12610109807729
1.4411,-1.12846537191029
1.44125,-1.13083694000306
1.4414,-1.13321583204788
1.44155,-1.13560207788827
1.4417,-1.13799570752001
1.44185,-1.140396751092
1.442,-1.14280523890727
1.44215,-1.14522120142388
1.4423,-1.14764466925595
1.44245,-1.15007567317453
1.4426,-1.15251424410869
1.44275,-1.15496041314639
1.4429,-1.15741421153558
1.44305,-1.15987567068508
1.4432,-1.16234482216568
1.44335,-1.1648216977111
1.4435,-1.16730632921904
1.44365,-1.16979874875216
1.4438,-1.17229898853918
1.44395,-1.17480708097584
1.4441,-1.17732305862603
1.44425,-1.17984695422279
1.4444,-1.18237880066941
1.44455,-1.18491863104046
1.4447,-1.18746647858294
1.44485,-1.19002237671728
1.445,-1.1925863590385
1.44515,-1.19515845931731
1.4453,-1.1977387115012
1.44545,-1.20032714971556
1.4456,-1.20292380826483
1.44575,-1.20552872163364
1.4459,-1.20814192448792
1.44605,-1.21076345167611
1.4462,-1.21339333823026
1.44635,-1.21603161936726
1.4465,-1.21867833048998
1.44665,-1.22133350718851
1.4468,-1.22399718524129
1.44695,-1.22666940061637
1.4471,-1.22935018947262
1.44725,-1.23203958816092
1.4474,-1.23473763322548
1.44755,-1.23744436140496
1.4477,-1.24015980963385
1.44785,-1.24288401504365
1.448,-1.24561701496417
1.44815,-1.24835884692483
1.4483,-1.25110954865593
1.44845,-1.25386915808996
1.4486,-1.25663771336293
1.44875,-1.25941525281564
1.4489,-1.26220181499508
1.44905,-1.26499743865574
1.4492,-1.26780216276096
1.44935,-1.27061602648431
1.4495,-1.27343906921094
1.44965,-1.27627133053897
1.4498,-1.27911285028094
1.44995,-1.28196366846513
1.4501,-1.28482382533704
1.45025,-1.28769336136079
1.4504,-1.29057231722056
1.45055,-1.29346073382205
1.4507,-1.29635865229395
1.45085,-1.29926611398939
1.451,-1.30218316048743
1.45115,-1.30510983359459
1.4513,-1.30804617534628
1.45145,-1.31099222800842
1.4516,-1.31394803407888
1.45175,-1.31691363628908
1.4519,-1.31988907760553
1.45205,-1.32287440123139
1.4522,-1.32586965060805
1.45235,-1.32887486941673
1.4525,-1.33189010158008
1.45265,-1.3349153912638
1.4528,-1.33795078287827
1.45295,-1.34099632108019
1.4531,-1.34405205077423
1.45325,-1.34711801711472
1.4534,-1.35019426550728
1.45355,-1.35328084161059
1.4537,-1.35637779133805
1.45385,-1.35948516085952
1.454,-1.36260299660303
1.45415,-1.36573134525655
1.4543,-1.36887025376977
1.45445,-1.37201976935585
1.4546,-1.37517993949322
1.45475,-1.3783508119274
1.4549,-1.38153243467277
1.45505,-1.38472485601451
1.4552,-1.38792812451032
1.45535,-1.39114228899238
1.4555,-1.3943673985692
1.45565,-1.39760350262749
1.4558,-1.40085065083413
1.45595,-1.40410889313802
1.4561,-1.40737827977209
1.45625,-1.4106588612552
1.4564,-1.41395068839417
1.45655,-1.41725381228571
1.4567,-1.42056828431846
1.45685,-1.42389415617502
1.457,-1.42723147983395
1.45715,-1.43058030757185
1.4573,-1.43394069196543
1.45745,-1.4373126858936
1.4576,-1.44069634253955
1.45775,-1.4440917153929
1.4579,-1.44749885825183
1.45805,-1.45091782522522
1.4582,-1.45434867073486
1.45835,-1.45779144951762
1.4585,-1.46124621662764
1.45865,-1.46471302743862
1.4588,-1.46819193764599
1.45895,-1.47168300326923
1.4591,-1.47518628065413
1.45925,-1.47870182647511
1.4594,-1.48222969773753
1.45955,-1.48576995178002
1.4597,-1.48932264627687
1.45985,-1.49288783924039
1.46,-1.4964655890233
1.46015,-1.5000559543212
1.4603,-1.50365899417494
1.46045,-1.50727476797312
1.4606,-1.51090333545457
1.46075,-1.51454475671087
1.4609,-1.51819909218883
1.46105,-1.52186640269305
1.4612,-1.5255467493885
1.46135,-1.52924019380311
1.4615,-1.53294679783033
1.46165,-1.53666662373184
1.4618,-1.54039973414015
1.46195,-1.54414619206124
1.4621,-1.54790606087737
1.46225,-1.55167940434969
1.4624,-1.55546628662104
1.46255,-1.55926677221872
1.4627,-1.56308092605723
1.46285,-1.56690881344114
1.463,-1.57075050006793
1.46315,-1.57460605203078
1.4633,-1.57847553582156
1.46345,-1.58235901833364
1.4636,-1.58625656686491
1.46375,-1.59016824912068
1.4639,-1.59409413321672
1.46405,-1.59803428768223
1.4642,-1.60198878146289
1.46435,-1.60595768392394
1.4645,-1.60994106485325
1.46465,-1.61393899446445
1.4648,-1.61795154340009
1.46495,-1.62197878273476
1.4651,-1.62602078397833
1.46525,-1.6300776190792
1.4654,-1.63414936042749
1.46555,-1.63823608085837
1.4657,-1.64233785365537
1.46585,-1.64645475255367
1.466,-1.65058685174357
1.46615,-1.65473422587377
1.4663,-1.65889695005488
1.46645,-1.66307509986288
1.4666,-1.66726875134253
1.46675,-1.67147798101098
1.4669,-1.67570286586129
1.46705,-1.67994348336598
1.4672,-1.68419991148068
1.46735,-1.68847222864776
1.4675,-1.69276051380002
1.46765,-1.69706484636438
1.4678,-1.70138530626562
1.46795,-1.7057219739302
1.4681,-1.71007493029001
1.46825,-1.71444425678624
1.4684,-1.71883003537326
1.46855,-1.72323234852252
1.4687,-1.72765127922652
1.46885,-1.73208691100276
1.469,-1.73653932789776
1.46915,-1.74100861449114
1.4693,-1.74549485589968
1.46945,-1.74999813778145
1.4696,-1.75451854634001
1.46975,-1.75905616832853
1.4699,-1.76361109105412
1.47005,-1.76818340238203
1.4702,-1.77277319074001
1.47035,-1.77738054512265
1.4705,-1.78200555509576
1.47065,-1.7866483108008
1.4708,-1.79130890295939
1.47095,-1.79598742287779
1.4711,-1.80068396245144
1.47125,-1.8053986141696
1.4714,-1.81013147111993
1.47155,-1.81488262699323
1.4717,-1.81965217608811
1.47185,-1.82444021331578
1.472,-1.82924683420486
1.47215,-1.83407213490621
1.4723,-1.83891621219784
1.47245,-1.84377916348986
1.4726,-1.84866108682947
1.47275,-1.85356208090596
1.4729,-1.85848224505581
1.47305,-1.86342167926782
1.4732,-1.86838048418826
1.47335,-1.87335876112615
1.4735,-1.87835661205844
1.47365,-1.88337413963538
1.4738,-1.8884114471859
1.47395,-1.89346863872299
1.4741,-1.89854581894918
1.47425,-1.90364309326207
1.4744,-1.90876056775987
1.47455,-1.91389834924705
1.4747,-1.91905654524
1.47485,-1.92423526397276
1.475,-1.9294346144028
1.47515,-1.93465470621683
1.4753,-1.93989564983672
1.47545,-1.94515755642545
1.4756,-1.95044053789306
1.47575,-1.95574470690277
1.4759,-1.96107017687703
1.47605,-1.96641706200374
1.4762,-1.97178547724245
1.47635,-1.97717553833066
1.4765,-1.98258736179018
1.47665,-1.98802106493348
1.4768,-1.99347676587023
1.47695,-1.99895458351381
1.4771,-2.00445463758785
1.47725,-2.00997704863297
1.4774,-2.0155219380134
1.47755,-2.02108942792385
1.4777,-2.02667964139631
1.47785,-2.03229270230696
1.478,-2.03792873538318
1.47815,-2.04358786621057
1.4783,-2.04927022124003
1.47845,-2.05497592779501
1.4786,-2.06070511407873
1.47875,-2.06645790918148
1.4789,-2.07223444308803
1.47905,-2.07803484668509
1.4792,-2.08385925176884
1.47935,-2.08970779105253
1.4795,-2.09558059817417
1.47965,-2.10147780770431
1.4798,-2.10739955515379
1.47995,-2.11334597698172
1.4801,-2.11931721060347
1.48025,-2.12531339439866
1.4804,-2.13133466771936
1.48055,-2.13738117089827
1.4807,-2.14345304525706
1.48085,-2.14955043311472
1.481,-2.15567347779602
1.48115,-2.16182232364008
1.4813,-2.16799711600898
1.48145,-2.17419800129646
1.4816,-2.18042512693676
1.48175,-2.18667864141349
1.4819,-2.19295869426858
1.48205,-2.19926543611138
1.4822,-2.20559901862776
1.48235,-2.21195959458943
1.4825,-2.21834731786321
1.48265,-2.22476234342048
1.4828,-2.23120482734671
1.48295,-2.23767492685106
1.4831,-2.24417280027609
1.48325,-2.25069860710759
1.4834,-2.25725250798448
1.48355,-2.26383466470877
1.4837,-2.27044524025575
1.48385,-2.27708439878411
1.484,-2.28375230564632
1.48415,-2.29044912739899
1.4843,-2.29717503181342
1.48445,-2.30393018788619
1.4846,-2.31071476584994
1.48475,-2.31752893718415
1.4849,-2.32437287462615
1.48505,-2.33124675218212
1.4852,-2.33815074513827
1.48535,-2.34508503007217
1.4855,-2.35204978486411
1.48565,-2.35904518870858
1.4858,-2.36607142212601
1.48595,-2.37312866697439
1.4861,-2.38021710646122
1.48625,-2.38733692515545
1.4864,-2.39448830899967
1.48655,-2.40167144532225
1.4867,-2.40888652284978
1.48685,-2.41613373171949
1.487,-2.42341326349192
1.48715,-2.43072531116364
1.4873,-2.43807006918015
1.48745,-2.44544773344887
1.4876,-2.45285850135224
1.48775,-2.46030257176111
1.4879,-2.46778014504806
1.48805,-2.47529142310098
1.4882,-2.48283660933681
1.48835,-2.49041590871528
1.4885,-2.49802952775301
1.48865,-2.50567767453753
1.4888,-2.51336055874164
1.48895,-2.52107839163779
1.4891,-2.52883138611261
1.48925,-2.53661975668173
1.4894,-2.54444371950459
1.48955,-2.55230349239949
1.4897,-2.5601992948588
1.48985,-2.56813134806427
1.49,-2.57609987490258
1.49015,-2.584105099981
1.4903,-2.59214724964324
1.49045,-2.60022655198544
1.4906,-2.60834323687236
1.49075,-2.61649753595371
1.4909,-2.62468968268068
1.49105,-2.63291991232266
1.4912,-2.64118846198404
1.49135,-2.64949557062137
1.4915,-2.65784147906044
1.49165,-2.66622643001385
1.4918,-2.67465066809852
1.49195,-2.68311443985347
1.4921,-2.69161799375786
1.49225,-2.70016158024908
1.4924,-2.7087454517412
1.49255,-2.71736986264344
1.4927,-2.726035069379
1.49285,-2.73474133040398
1.493,-2.74348890622655
1.49315,-2.75227805942631
1.4933,-2.76110905467393
1.49345,-2.76998215875081
1.4936,-2.77889764056926
1.49375,-2.78785577119251
1.4939,-2.79685682385534
1.49405,-2.80590107398459
1.4942,-2.81498879922017
1.49435,-2.82412027943605
1.4945,-2.83329579676169
1.49465,-2.84251563560351
1.4948,-2.85178008266681
1.49495,-2.86108942697776
1.4951,-2.87044395990564
1.49525,-2.87984397518546
1.4954,-2.88928976894059
1.49555,-2.89878163970595
1.4957,-2.9083198884512
1.49585,-2.91790481860421
1.496,-2.92753673607499
1.49615,-2.93721594927959
1.4963,-2.94694276916455
1.49645,-2.95671750923137
1.4966,-2.96654048556143
1.49675,-2.97641201684112
1.4969,-2.98633242438719
1.49705,-2.99630203217249
1.4972,-3.00632116685194
1.49735,-3.01639015778878
1.4975,-3.0265093370811
1.49765,-3.03667903958873
1.4978,-3.04689960296034
1.49795,-3.05717136766097
1.4981,-3.06749467699969
1.49825,-3.07786987715771
1.4984,-3.08829731721681
1.49855,-3.09877734918791
1.4987,-3.10931032804026
1.49885,-3.11989661173065
1.499,-3.13053656123312
1.49915,-3.14123054056906
1.4993,-3.15197891683739
1.49945,-3.16278206024541
1.4996,-3.17364034413975
1.49975,-3.18455414503781
1.4999,-3.19552384265946
1.50005,-3.20654981995913
1.5002,-3.21763246315836
1.50035,-3.22877216177859
1.5005,-3.23996930867433
1.50065,-3.25122430006684
1.5008,-3.26253753557797
1.50095,-3.27390941826471
1.5011,-3.28534035465375
1.50125,-3.29683075477675
1.5014,-3.30838103220588
1.50155,-3.3199916040897
1.5017,-3.33166289118964
1.50185,-3.34339531791676
1.502,-3.35518931236891
1.50215,-3.36704530636847
1.5023,-3.37896373550032
1.50245,-3.39094503915046
1.5026,-3.40298966054494
1.50275,-3.41509804678925
1.5029,-3.42727064890822
1.50305,-3.43950792188638
1.5032,-3.45181032470868
1.50335,-3.4641783204019
1.5035,-3.47661237607629
1.50365,-3.4891129629679
1.5038,-3.50168055648131
1.50395,-3.51431563623282
1.5041,-3.52701868609427
1.50425,-3.53979019423728
1.5044,-3.55263065317801
1.50455,-3.56554055982252
1.5047,-3.57852041551254
1.50485,-3.59157072607192
1.505,-3.60469200185356
1.50515,-3.61788475778686
1.5053,-3.63114951342581
1.50545,-3.64448679299754
1.5056,-3.65789712545159
1.50575,-3.67138104450968
1.5059,-3.68493908871606
1.50605,-3.69857180148849
1.5062,-3.71227973116979
1.50635,-3.72606343108013
1.5065,-3.73992345956977
1.50665,-3.75386038007252
1.5068,-3.76787476115991
1.50695,-3.78196717659589
1.5071,-3.79613820539215
1.50725,-3.81038843186436
1.5074,-3.82471844568883
1.50755,-3.83912884195997
1.5077,-3.85362022124838
1.50785,-3.86819318965972
1.508,-3.88284835889429
1.50815,-3.89758634630726
1.5083,-3.9124077749697
1.50845,-3.92731327373034
1.5086,-3.94230347727803
1.50875,-3.95737902620506
1.5089,-3.97254056707123
1.50905,-3.9877887524686
1.5092,-4.00312424108723
1.50935,-4.01854769778144
1.5095,-4.03405979363728
1.50965,-4.04966120604047
1.5098,-4.06535261874536
1.50995,-4.08113472194477
1.5101,-4.0970082123405
1.51025,-4.112973793215
1.5104,-4.12903217450371
1.51055,-4.1451840728684
1.5107,-4.16143021177136
1.51085,-4.17777132155064
1.511,-4.19420813949601
1.51115,-4.21074140992621
1.5113,-4.22737188426681
1.51145,-4.2441003211293
1.5116,-4.2609274863911
1.51175,-4.27785415327647
1.5119,-4.29488110243872
1.51205,-4.31200912204314
1.5122,-4.32923900785122
1.51235,-4.34657156330584
1.5125,-4.36400759961752
1.51265,-4.38154793585187
1.5128,-4.39919339901809
1.51295,-4.41694482415862
1.5131,-4.43480305443995
1.51325,-4.45276894124448
1.5134,-4.47084334426386
1.51355,-4.48902713159324
1.5137,-4.50732117982686
1.51385,-4.52572637415487
1.514,-4.54424360846139
1.51415,-4.56287378542394
1.5143,-4.58161781661401
1.51445,-4.60047662259906
1.5146,-4.61945113304588
1.51475,-4.6385422868251
1.5149,-4.6577510321174
1.51505,-4.67707832652086
1.5152,-4.6965251371598
1.51535,-4.71609244079517
1.5155,-4.73578122393622
1.51565,-4.75559248295374
1.5158,-4.7755272241949
1.51595,-4.79558646409952
1.5161,-4.81577122931788
1.51625,-4.8360825568302
1.5164,-4.8565214940676
1.51655,-4.87708909903487
1.5167,-4.89778644043476
1.51685,-4.91861459779396
1.517,-4.93957466159091
1.51715,-4.96066773338512
1.5173,-4.98189492594856
1.51745,-5.00325736339859
1.5176,-5.02475618133282
1.51775,-5.0463925269659
1.5179,-5.06816755926789
1.51805,-5.09008244910505
1.5182,-5.11213837938211
1.51835,-5.13433654518667
1.5185,-5.15667815393581
1.51865,-5.17916442552433
1.5188,-5.20179659247555
1.51895,-5.22457590009382
1.5191,-5.24750360661944
1.51925,-5.27058098338555
1.5194,-5.2938093149775
1.51955,-5.31718989939414
1.5197,-5.34072404821183
1.51985,-5.36441308675039
1.52,-5.38825835424161
1.52015,-5.41226120400026
1.5203,-5.43642300359725
1.52045,-5.4607451350357
1.5206,-5.48522899492926
1.52075,-5.50987599468307
1.5209,-5.53468756067744
1.52105,-5.55966513445406
1.5212,-5.58481017290516
1.52135,-5.61012414846517
1.5215,-5.63560854930544
1.52165,-5.6612648795317
1.5218,-5.68709465938435
1.52195,-5.71309942544203
1.5221,-5.73928073082791
1.52225,-5.7656401454192
1.5224,-5.79217925605982
1.52255,-5.81889966677602
1.5227,-5.84580299899571
1.52285,-5.87289089177063
1.523,-5.90016500200219
1.52315,-5.92762700467051
1.5233,-5.95527859306723
1.52345,-5.98312147903147
1.5236,-6.0111573931899
1.52375,-6.03938808520007
1.5239,-6.06781532399774
1.52405,-6.09644089804793
1.5242,-6.12526661559975
1.52435,-6.15429430494551
1.5245,-6.18352581468358
1.52465,-6.21296301398539
1.5248,-6.24260779286677
1.52495,-6.27246206246328
1.5251,-6.3025277553102
1.52525,-6.33280682562675
1.5254,-6.36330124960473
1.52555,-6.39401302570201
1.5257,-6.42494417494026
1.52585,-6.45609674120804
1.526,-6.48747279156811
1.52615,-6.51907441657007
1.5263,-6.5509037305679
1.52645,-6.58296287204243
1.5266,-6.61525400392943
1.52675,-6.64777931395261
1.5269,-6.68054101496223
1.52705,-6.71354134527913
1.5272,-6.74678256904421
1.52735,-6.78026697657403
1.5275,-6.81399688472174
1.52765,-6.84797463724425
1.5278,-6.88220260517508
1.52795,-6.91668318720377
1.5281,-6.95141881006097
1.52825,-6.98641192891043
1.5284,-7.02166502774697
1.52855,-7.05718061980127
1.5287,-7.09296124795124
1.52885,-7.1290094851401
1.529,-7.16532793480161
1.52915,-7.20191923129194
1.5293,-7.23878604032903
1.52945,-7.27593105943897
1.5296,-7.31335701840956
1.52975,-7.35106667975207
1.5299,-7.38906283916965
1.53005,-7.42734832603416
1.5302,-7.46592600387047
1.53035,-7.50479877084872
1.5305,-7.54396956028485
1.53065,-7.58344134114908
1.5308,-7.62321711858271
1.53095,-7.66329993442344
1.5311,-7.70369286773875
1.53125,-7.74439903536865
1.5314,-7.78542159247633
1.53155,-7.82676373310799
1.5317,-7.86842869076159
1.53185,-7.9104197389644
1.532,-7.95274019185955
1.53215,-7.99539340480205
1.5323,-8.03838277496366
1.53245,-8.08171174194703
1.5326,-8.12538378840938
1.53275,-8.16940244069514
1.5329,-8.21377126947847
1.53305,-8.25849389041474
1.5332,-8.30357396480148
1.53335,-8.34901520024893
1.5335,-8.39482135135957
1.53365,-8.44099622041741
1.5338,-8.48754365808627
1.53395,-8.53446756411714
1.5341,-8.58177188806484
1.53425,-8.62946063001328
1.5344,-8.67753784130996
1.53455,-8.72600762530857
1.5347,-8.77487413812023
1.53485,-8.82414158937271
1.535,-8.87381424297734
1.53515,-8.92389641790366
1.5353,-8.97439248896094
1.53545,-9.02530688758631
1.5356,-9.07664410263916
1.53575,-9.12840868120099
1.5359,-9.18060522938025
1.53605,-9.23323841312179
1.5362,-9.28631295901946
1.53635,-9.33983365513147
1.5365,-9.39380535179799
1.53665,-9.44823296245859
1.5368,-9.5031214644705
1.53695,-9.55847589992425
1.5371,-9.61430137645705
1.53725,-9.67060306806125
1.5374,-9.72738621588698
1.53755,-9.784656129037
1.5377,-9.8424181853517
1.53785,-9.900677832182
1.538,-9.95944058714827
1.53815,-10.0187120388822
1.5383,-10.0784978477496
1.53845,-10.1388037465501
1.5386,-10.1996355411915
1.53875,-10.2609991113347
1.5389,-10.3229004110048
1.53905,-10.3853454691661
1.5392,-10.4483403902536
1.53935,-10.5118913546588
1.5395,-10.5760046191625
1.53965,-10.6406865173093
1.5398,-10.7059434597187
1.53995,-10.7717819343235
1.5401,-10.83820850653
1.54025,-10.9052298192916
1.5404,-10.9728525930863
1.54055,-11.0410836257893
1.5407,-11.1099297924299
1.54085,-11.1793980448223
1.541,-11.2494954110577
1.54115,-11.3202289948442
1.5413,-11.391605974681
1.54145,-11.4636336028522
1.5416,-11.5363192042215
1.54175,-11.6096701748125
1.5419,-11.6836939801522
1.54205,-11.7583981533594
1.5422,-11.8337902929534
1.54235,-11.9098780603589
1.5425,-11.9866691770805
1.54265,-12.0641714215169
1.5428,-12.1423926253851
1.54295,-12.2213406697194
1.5431,-12.3010234804088
1.54325,-12.3814490232336
1.5434,-12.4626252983566
1.54355,-12.5445603342255
1.5437,-12.6272621808326
1.54385,-12.71073890228
1.544,-12.7949985685901
1.54415,-12.880049246698
1.5443,-12.9658989905573
1.54445,-13.0525558302842
1.5446,-13.1400277602602
1.54475,-13.2283227261051
1.5449,-13.3174486104275
1.54505,-13.4074132172508
1.5452,-13.4982242550034
1.54535,-13.5898893179583
1.5455,-13.6824158659884
1.54565,-13.775811202506
1.5458,-13.870082450431
1.54595,-13.9652365260321
1.5461,-14.0612801104659
1.54625,-14.1582196188262
1.5464,-14.256061166506
1.54655,-14.3548105326536
1.5467,-14.4544731204911
1.54685,-14.5550539142496
1.547,-14.6565574324494
1.54715,-14.7589876772429
1.5473,-14.8623480795123
1.54745,-14.9666414393958
1.5476,-15.0718698618956
1.54775,-15.1780346871929
1.5479,-15.285136415279
1.54805,-15.3931746244848
1.5482,-15.5021478834644
1.54835,-15.6120536561714
1.5485,-15.7228881993375
1.54865,-15.8346464519423
1.5488,-15.947321916144
1.54895,-16.0609065291197
1.5491,-16.175390525248
1.54925,-16.2907622880595
1.5494,-16.4070081913647
1.54955,-16.5241124289783
1.5497,-16.6420568324614
1.54985,-16.7608206763222
1.55,-16.8803804701458
1.55015,-17.000709737172
1.5503,-17.1217787788951
1.55045,-17.2435544253578
1.5506,-17.3659997709017
1.55075,-17.4890738952951
1.5509,-17.6127315703142
1.55105,-17.7369229520749
1.5512,-17.8615932596655
1.55135,-17.9866824409288
1.5515,-18.1121248266186
1.55165,-18.2378487745569
1.5518,-18.3637763059332
1.55195,-18.4898227364329
1.5521,-18.6158963055268
1.55225,-18.7418978079871
1.5524,-18.8677202324795
1.55255,-18.9932484129822
1.5527,-19.1183586997281
1.55285,-19.2429186573889
1.553,-19.3667867993014
1.55315,-19.4898123676171
1.5533,-19.6118351703649
1.55345,-19.7326854874579
1.5536,-19.8521840586326
1.55375,-19.9701421671302
1.5539,-20.0863618334921
1.55405,-20.2006361341487
1.5542,-20.3127496593628
1.55435,-20.4224791245093
1.5545,-20.529594147519
1.55465,-20.6338582034862
1.5548,-20.7350297648931
1.55495,-20.8328636325462
1.5551,-20.9271124581642
1.55525,-21.0175284545874
1.5554,-21.103865283884
1.55555,-21.1858801073345
1.5557,-21.2633357745498
1.55585,-21.3360031221032
1.556,-21.4036633453209
1.55615,-21.4661104006482
1.5563,-21.5231533906839
1.55645,-21.5746188799259
1.5566,-21.6203530868889
1.55675,-21.6602238978272
1.5569,-21.6941226490414
1.55705,-21.7219656287815
1.5572,-21.7436952560006
1.55735,-21.7592809015134
1.5575,-21.7687193270995
1.55765,-21.7720347293166
1.5578,-21.7692783866981
1.55795,-21.7605279209808
1.5581,-21.7458861944351
1.55825,-21.7254798756775
1.5584,-21.6994577150431
1.55855,-21.6679885773205
1.5587,-21.6312592841755
1.55885,-21.5894723208375
1.559,-21.5428434616617
1.55915,-21.4915993672026
1.5593,-21.4359752017201
1.55945,-21.3762123149714
1.5596,-21.3125560260672
1.55975,-21.2452535405253
1.5599,-21.1745520247763
1.56005,-21.1006968555932
1.5602,-21.0239300555154
1.56035,-20.9444889194851
1.5605,-20.8626048327906
1.56065,-20.7785022760669
1.5608,-20.6923980095677
1.56095,-20.6045004262088
1.5611,-20.5150090608952
1.56125,-20.4241142423538
1.5614,-20.3319968729932
1.56155,-20.2388283221011
1.5617,-20.1447704179106
1.56185,-20.0499755245784
1.562,-19.954586690894
1.56215,-19.8587378584661
1.5623,-19.7625541181584
1.56245,-19.6661520046552
1.5626,-19.5696398201114
1.56275,-19.4731179789398
1.5629,-19.3766793668162
1.56305,-19.2804097079488
1.5632,-19.1843879355728
1.56335,-19.0886865614337
1.5635,-18.9933720407833
1.56365,-18.8985051300514
1.5638,-18.8041412349506
1.56395,-18.7103307472743
1.5641,-18.6171193690797
1.56425,-18.5245484233341
1.5644,-18.4326551504062
1.56455,-18.3414729900592
1.5647,-18.2510318488218
1.56485,-18.1613583527847
1.565,-18.0724760860305
1.56515,-17.9844058150049
1.5653,-17.8971656992344
1.56545,-17.8107714888677
1.5656,-17.7252367095505
1.56575,-17.6405728351989
1.5659,-17.5567894492373
1.56605,-17.4738943948871
1.5662,-17.3918939150961
1.56635,-17.3107927826818
1.5665,-17.2305944212639
1.56665,-17.1513010175371
1.5668,-17.0729136254205
1.56695,-16.9954322626014
1.5671,-16.9188559999634
1.56725,-16.8431830443729
1.5674,-16.7684108152676
1.56755,-16.6945360154707
1.5677,-16.621554696633
1.56785,-16.5494623196732
1.568,-16.4782538105756
1.56815,-16.4079236118737
1.5683,-16.3384657301295
1.56845,-16.2698737797026
1.5686,-16.2021410230753
1.56875,-16.1352604079907
1.5689,-16.0692246016374
1.56905,-16.0040260220995
1.5692,-15.9396568672788
1.56935,-15.8761091414744
1.5695,-15.8133746798008
1.56965,-15.7514451706033
1.5698,-15.6903121760245
1.56995,-15.6299671508639
1.5701,-15.5704014598562
1.57025,-15.5116063934953
1.5704,-15.4535731825096
1.57055,-15.396293011096
1.5707,-15.3397570290081
1.57085,-15.283956362584
1.571,-15.228882124801
1.57115,-15.1745254244276
1.5713,-15.1208773743473
1.57145,-15.0679290991162
1.5716,-15.0156717418155
1.57175,-14.9640964702555
1.5719,-14.9131944825791
1.57205,-14.862957012317
1.5722,-14.8133753329331
1.57235,-14.7644407619048
1.5725,-14.7161446643742
1.57265,-14.6684784564033
1.5728,-14.621433607868
1.57295,-14.5750016450183
1.5731,-14.5291741527322
1.57325,-14.4839427764904
1.5734,-14.4392992240919
1.57355,-14.3952352671359
1.5737,-14.3517427422861
1.57385,-14.3088135523383
1.574,-14.2664396671083
1.57415,-14.2246131241531
1.5743,-14.1833260293441
1.57445,-14.1425705573024
1.5746,-14.1023389517087
1.57475,-14.0626235255023
1.5749,-14.0234166609755
1.57505,-13.9847108097769
1.5752,-13.9464984928299
1.57535,-13.908772300176
1.5755,-13.8715248907508
1.57565,-13.8347489920987
1.5758,-13.798437400034
1.57595,-13.762582978253
1.5761,-13.7271786579046
1.57625,-13.692217437123
1.5764,-13.6576923805267
1.57655,-13.6235966186911
1.5767,-13.5899233475951
1.57685,-13.556665828047
1.577,-13.5238173850948
1.57715,-13.4913714074195
1.5773,-13.4593213467203
1.57745,-13.4276607170883
1.5776,-13.3963830943759
1.57775,-13.3654821155609
1.5779,-13.3349514781093
1.57805,-13.3047849393378
1.5782,-13.2749763157779
1.57835,-13.2455194825424
1.5785,-13.216408372698
1.57865,-13.1876369766416
1.5788,-13.1591993414857
1.57895,-13.1310895704505
1.5791,-13.1033018222648
1.57925,-13.0758303105784
1.5794,-13.0486693033833
1.57955,-13.0218131224474
1.5797,-12.9952561427595
1.57985,-12.9689927919876
1.58,-12.9430175499494
1.58015,-12.9173249480966
1.5803,-12.8919095690133
1.58045,-12.8667660459279
1.5806,-12.84188906224
1.58075,-12.8172733510616
1.5809,-12.7929136947729
1.58105,-12.7688049245939
1.5812,-12.74494192017
1.58135,-12.7213196091731
1.5815,-12.6979329669185
1.58165,-12.6747770159958
1.5818,-12.6518468259162
1.58195,-12.6291375127733
1.5821,-12.6066442389212
1.58225,-12.584362212665
1.5824,-12.5622866879678
1.58255,-12.5404129641721
1.5827,-12.518736385735
1.58285,-12.4972523419789
1.583,-12.475956266855
1.58315,-12.4548436387217
1.5833,-12.4339099801364
1.58345,-12.4131508576609
1.5836,-12.3925618816795
1.58375,-12.372138706231
1.5839,-12.351877028852
1.58405,-12.3317725904342
1.5842,-12.3118211750923
1.58435,-12.2920186100445
1.5845,-12.2723607655043
1.58465,-12.2528435545831
1.5848,-12.233462933204
1.58495,-12.2142149000255
1.5851,-12.1950954963758
1.58525,-12.1761008061965
1.5854,-12.1572269559952
1.58555,-12.1384701148083
1.5857,-12.1198264941706
1.58585,-12.1012923480947
1.586,-12.0828639730573
1.58615,-12.0645377079927
1.5863,-12.0463099342941
1.58645,-12.0281770758205
1.5866,-12.0101355989107
1.58675,-11.9921820124022
1.5869,-11.9743128676557
1.58705,-11.956524758585
1.5872,-11.9388143216904
1.58735,-11.921178236097
1.5875,-11.9036132235964
1.58765,-11.8861160486911
1.5878,-11.8686835186424
1.58795,-11.8513124835202
1.5881,-11.8339998362551
1.58825,-11.8167425126913
1.5884,-11.7995374916414
1.58855,-11.7823817949414
1.5887,-11.7652724875058
1.58885,-11.7482066773833
1.589,-11.7311815158104
1.58915,-11.7141941972659
1.5893,-11.6972419595227
1.58945,-11.6803220836977
1.5896,-11.6634318943006
1.58975,-11.6465687592789
1.5899,-11.6297300900608
1.59005,-11.6129133415941
1.5902,-11.5961160123816
1.59035,-11.5793356445128
1.5905,-11.5625698236903
1.59065,-11.5458161792522
1.5908,-11.5290723841889
1.59095,-11.5123361551543
1.5911,-11.4956052524715
1.59125,-11.4788774801324
1.5914,-11.4621506857905
1.59155,-11.4454227607471
1.5917,-11.4286916399307
1.59185,-11.4119553018688
1.592,-11.3952117686522
1.59215,-11.3784591058917
1.5923,-11.3616954226664
1.59245,-11.3449188714637
1.5926,-11.3281276481111
1.59275,-11.3113199916991
1.5929,-11.2944941844952
1.59305,-11.2776485518485
1.5932,-11.2607814620854
1.59335,-11.2438913263959
1.5935,-11.22697659871
1.59365,-11.2100357755644
1.5938,-11.1930673959601
1.59395,-11.1760700412088
1.5941,-11.1590423347704
1.59425,-11.14198294208
1.5944,-11.1248905703644
1.59455,-11.1077639684494
1.5947,-11.0906019265552
1.59485,-11.0734032760835
1.595,-11.0561668893927
1.59515,-11.038891679564
1.5953,-11.0215766001561
1.59545,-11.0042206449507
1.5956,-10.9868228476876
1.59575,-10.9693822817892
1.5959,-10.9518980600754
1.59605,-10.9343693344682
1.5962,-10.9167952956871
1.59635,-10.8991751729338
1.5965,-10.881508233568
1.59665,-10.8637937827733
1.5968,-10.8460311632137
1.59695,-10.8282197546813
1.5971,-10.8103589737345
1.59725,-10.7924482733272
1.5974,-10.7744871424302
1.59755,-10.7564751056424
1.5977,-10.738411722796
1.59785,-10.7202965885513
1.598,-10.702129331985
1.59815,-10.6839096161706
1.5983,-10.665637137751
1.59845,-10.6473116265046
1.5986,-10.6289328449035
1.59875,-10.6105005876659
1.5989,-10.5920146813021
1.59905,-10.5734749836532
1.5992,-10.5548813834253
1.59935,-10.5362337997178
1.5995,-10.5175321815454
1.59965,-10.4987765073563
1.5998,-10.479966784545
1.59995,-10.461103048961
1.6001,-10.4421853644128
1.60025,-10.4232138221686
1.6004,-10.4041885404531
1.60055,-10.3851096639411
1.6007,-10.3659773632485
1.60085,-10.3467918344197
1.601,-10.3275532984136
1.60115,-10.3082620005871
1.6013,-10.2889182101768
1.60145,-10.2695222197793
1.6016,-10.2500743448303
1.60175,-10.2305749230826
1.6019,-10.2110243140841
1.60205,-10.1914228986546
1.6022,-10.1717710783635
1.60235,-10.1520692750071
1.6025,-10.1323179300866
1.60265,-10.112517504287
1.6028,-10.092668476957
1.60295,-10.0727713455904
1.6031,-10.0528266253088
1.60325,-10.0328348483464
1.6034,-10.0127965635368
1.60355,-9.99271233580232
1.6037,-9.97258274564567
1.60385,-9.95240838864474
1.604,-9.93218987495
1.60415,-9.91192782878586
1.6043,-9.89162288795483
1.60445,-9.8712757033459
1.6046,-9.85088693844648
1.60475,-9.83045726885879
1.6049,-9.80998738182025
1.60505,-9.78947797572843
1.6052,-9.76892975967087
1.60535,-9.74834345295928
1.6055,-9.72771978466938
1.60565,-9.70705949318523
1.6058,-9.68636332574919
1.60595,-9.66563203801743
1.6061,-9.64486639362054
1.60625,-9.62406716373058
1.6064,-9.60323512663318
1.60655,-9.58237106730596
1.6067,-9.56147577700317
1.60685,-9.5405500528459
1.607,-9.51959469741921
1.60715,-9.49861051837505
1.6073,-9.47759832804168
1.60745,-9.4565589430399
1.6076,-9.43549318390535
1.60775,-9.4144018747177
1.6079,-9.39328584273653
1.60805,-9.37214591804346
1.6082,-9.35098293319181
1.60835,-9.32979772286209
1.6085,-9.30859112352523
1.60865,-9.28736397311195
1.6088,-9.26611711068914
1.60895,-9.24485137614348
1.6091,-9.22356760987127
1.60925,-9.20226665247578
1.6094,-9.1809493444711
1.60955,-9.15961652599266
1.6097,-9.13826903651532
1.60985,-9.11690771457733
1.61,-9.09553339751199
1.61015,-9.07414692118554
1.6103,-9.05274911974178
1.61045,-9.03134082535394
1.6106,-9.00992286798245
1.61075,-8.98849607514017
1.6109,-8.96706127166352
1.61105,-8.94561927949049
1.6112,-8.92417091744525
1.61135,-8.90271700102868
1.6115,-8.88125834221604
1.61165,-8.85979574926036
1.6118,-8.83833002650208
1.61195,-8.81686197418544
1.6121,-8.79539238828029
1.61225,-8.77392206031046
1.6124,-8.75245177718785
1.61255,-8.73098232105242
1.6127,-8.70951446911826
1.61285,-8.68804899352484
1.613,-8.66658666119485
1.61315,-8.6451282336964
1.6133,-8.62367446711202
1.61345,-8.60222611191207
1.6136,-8.58078391283385
1.61375,-8.55934860876621
1.6139,-8.53792093263874
1.61405,-8.51650161131668
1.6142,-8.49509136550027
1.61435,-8.47369090962921
1.6145,-8.4523009517921
1.61465,-8.43092219364015
1.6148,-8.40955533030607
1.61495,-8.388201050327
1.6151,-8.36686003557205
1.61525,-8.34553296117446
1.6154,-8.32422049546746
1.61555,-8.30292329992482
1.6157,-8.28164202910538
1.61585,-8.2603773306011
1.616,-8.23912984498979
1.61615,-8.21790020579087
1.6163,-8.19668903942552
1.61645,-8.17549696518008
1.6166,-8.15432459517287
1.61675,-8.13317253432496
1.6169,-8.11204138033376
1.61705,-8.09093172365041
1.6172,-8.06984414746004
1.61735,-8.04877922766497
1.6175,-8.02773753287168
1.61765,-8.00671962437968
1.6178,-7.98572605617436
1.61795,-7.9647573749217
1.6181,-7.94381411996619
1.61825,-7.92289682333131
1.6184,-7.90200600972236
1.61855,-7.88114219653211
1.6187,-7.8603058938485
1.61885,-7.8394976044648
1.619,-7.81871782389214
1.61915,-7.79796704037398
1.6193,-7.77724573490297
1.61945,-7.75655438123962
1.6196,-7.7358934459328
1.61975,-7.7152633883428
1.6199,-7.69466466066527
1.62005,-7.67409770795779
1.6202,-7.65356296816774
1.62035,-7.63306087216151
1.6205,-7.61259184375615
1.62065,-7.59215629975155
1.6208,-7.57175464996489
1.62095,-7.55138729726586
1.6211,-7.53105463761371
1.62125,-7.51075706009539
1.6214,-7.49049494696461
1.62155,-7.47026867368285
1.6217,-7.45007860896055
1.62185,-7.42992511480028
1.622,-7.40980854654024
1.62215,-7.38972925289895
1.6223,-7.36968757602123
1.62245,-7.34968385152434
1.6226,-7.32971840854571
1.62275,-7.30979156979104
1.6229,-7.28990365158291
1.62305,-7.27005496391094
1.6232,-7.25024581048156
1.62335,-7.23047648876927
1.6235,-7.21074729006808
1.62365,-7.19105849954334
1.6238,-7.17141039628459
1.62395,-7.15180325335829
1.6241,-7.1322373378616
1.62425,-7.11271291097603
1.6244,-7.09323022802162
1.62455,-7.07378953851184
1.6247,-7.05439108620801
1.62485,-7.03503510917491
1.625,-7.01572183983595
1.62515,-6.99645150502871
1.6253,-6.97722432606106
1.62545,-6.95804051876679
1.6256,-6.93890029356201
1.62575,-6.91980385550131
1.6259,-6.90075140433386
1.62605,-6.88174313456022
1.6262,-6.86277923548829
1.62635,-6.84385989129015
1.6265,-6.82498528105839
1.62665,-6.8061555788623
1.6268,-6.78737095380462
1.62695,-6.7686315700776
1.6271,-6.74993758701938
1.62725,-6.73128915917011
1.6274,-6.71268643632781
1.62755,-6.69412956360464
1.6277,-6.67561868148221
1.62785,-6.65715392586755
1.628,-6.6387354281483
1.62815,-6.62036331524795
1.6283,-6.60203770968104
1.62845,-6.58375872960763
1.6286,-6.5655264888882
1.62875,-6.54734109713787
1.6289,-6.52920265978028
1.62905,-6.51111127810176
1.6292,-6.49306704930453
1.62935,-6.47507006656019
1.6295,-6.45712041906249
1.62965,-6.43921819208015
1.6298,-6.42136346700914
1.62995,-6.4035563214246
1.6301,-6.38579682913273
1.63025,-6.36808506022193
1.6304,-6.35042108111402
1.63055,-6.33280495461485
1.6307,-6.31523673996445
1.63085,-6.29771649288727
1.631,-6.28024426564146
1.63115,-6.26282010706839
1.6313,-6.2454440626413
1.63145,-6.22811617451371
1.6316,-6.21083648156773
1.63175,-6.19360501946144
1.6319,-6.17642182067648
1.63205,-6.1592869145648
1.6322,-6.14220032739507
1.63235,-6.12516208239901
1.6325,-6.1081721998168
1.63265,-6.09123069694266
1.6328,-6.07433758816956
1.63295,-6.05749288503361
1.6331,-6.0406965962584
1.63325,-6.02394872779828
1.6334,-6.00724928288186
1.63355,-5.99059826205484
1.6337,-5.9739956632221
1.63385,-5.95744148169003
1.634,-5.9409357102079
1.63415,-5.92447833900904
1.6343,-5.90806935585168
1.63445,-5.89170874605899
1.6346,-5.87539649255936
1.63475,-5.85913257592545
1.6349,-5.84291697441362
1.63505,-5.8267496640024
1.6352,-5.81063061843066
1.63535,-5.79455980923562
1.6355,-5.77853720579005
1.63565,-5.76256277533939
1.6358,-5.7466364830384
1.63595,-5.73075829198703
1.6361,-5.71492816326661
1.63625,-5.69914605597478
1.6364,-5.6834119272608
1.63655,-5.66772573235999
1.6367,-5.65208742462769
1.63685,-5.63649695557336
1.637,-5.62095427489361
1.63715,-5.60545933050541
1.6373,-5.59001206857858
1.63745,-5.57461243356785
1.6376,-5.5592603682449
1.63775,-5.54395581372951
1.6379,-5.52869870952082
1.63805,-5.51348899352777
1.6382,-5.49832660209951
1.63835,-5.48321147005528
1.6385,-5.46814353071383
1.63865,-5.45312271592271
1.6388,-5.4381489560869
1.63895,-5.42322218019737
1.6391,-5.40834231585909
1.63925,-5.39350928931864
1.6394,-5.37872302549171
1.63955,-5.36398344798992
1.6397,-5.34929047914761
1.63985,-5.33464404004808
1.64,-5.32004405054936
1.64015,-5.30549042931018
1.6403,-5.29098309381487
1.64045,-5.27652196039848
1.6406,-5.26210694427143
1.64075,-5.24773795954351
1.6409,-5.23341491924818
1.64105,-5.21913773536583
1.6412,-5.20490631884737
1.64135,-5.19072057963706
1.6415,-5.17658042669512
1.64165,-5.16248576802026
1.6418,-5.1484365106715
1.64195,-5.13443256079013
1.6421,-5.12047382362102
1.64225,-5.10656020353368
1.6424,-5.09269160404334
1.64255,-5.07886792783121
1.6427,-5.06508907676494
1.64285,-5.05135495191855
1.643,-5.03766545359196
1.64315,-5.02402048133066
1.6433,-5.01041993394454
1.64345,-4.996863709527
1.6436,-4.98335170547337
1.64375,-4.96988381849918
1.6439,-4.9564599446584
1.64405,-4.94307997936096
1.6442,-4.92974381739047
1.64435,-4.91645135292141
1.6445,-4.90320247953604
1.64465,-4.88999709024134
1.6448,-4.87683507748527
1.64495,-4.86371633317327
1.6451,-4.85064074868415
1.64525,-4.83760821488576
1.6454,-4.82461862215081
1.64555,-4.8116718603718
1.6457,-4.79876781897642
1.64585,-4.78590638694217
1.646,-4.77308745281107
1.64615,-4.76031090470404
1.6463,-4.74757663033497
1.64645,-4.73488451702484
1.6466,-4.72223445171521
1.64675,-4.709626320982
1.6469,-4.69706001104864
1.64705,-4.6845354077991
1.6472,-4.67205239679102
1.64735,-4.6596108632681
1.6475,-4.64721069217286
1.64765,-4.63485176815879
1.6478,-4.62253397560235
1.64795,-4.61025719861515
1.6481,-4.59802132105534
1.64825,-4.58582622653936
1.6484,-4.57367179845321
1.64855,-4.5615579199635
1.6487,-4.54948447402861
1.64885,-4.53745134340927
1.649,-4.52545841067937
1.64915,-4.5135055582363
1.6493,-4.50159266831117
1.64945,-4.48971962297903
1.6496,-4.47788630416867
1.64975,-4.46609259367252
1.6499,-4.45433837315616
1.65005,-4.44262352416776
1.6502,-4.43094792814742
1.65035,-4.4193114664362
1.6505,-4.40771402028522
1.65065,-4.39615547086439
1.6508,-4.38463569927103
1.65095,-4.37315458653854
1.6511,-4.36171201364459
1.65125,-4.3503078615195
1.6514,-4.33894201105426
1.65155,-4.32761434310839
1.6517,-4.31632473851796
1.65185,-4.30507307810297
1.652,-4.29385924267514
1.65215,-4.28268311304519
1.6523,-4.27154457003003
1.65245,-4.26044349446009
1.6526,-4.24937976718614
1.65275,-4.2383532690863
1.6529,-4.22736388107278
1.65305,-4.21641148409839
1.6532,-4.20549595916324
1.65335,-4.194617187321
1.6535,-4.18377504968526
1.65365,-4.17296942743566
1.6538,-4.16220020182386
1.65395,-4.15146725417965
1.6541,-4.1407704659166
1.65425,-4.13010971853792
1.6544,-4.11948489364186
1.65455,-4.10889587292752
1.6547,-4.09834253819996
1.65485,-4.08782477137557
1.655,-4.07734245448738
1.65515,-4.06689546968999
1.6553,-4.05648369926464
1.65545,-4.04610702562413
1.6556,-4.03576533131751
1.65575,-4.02545849903489
1.6559,-4.01518641161196
1.65605,-4.0049489520346
1.6562,-3.99474600344324
1.65635,-3.98457744913714
1.6565,-3.97444317257881
1.65665,-3.96434305739799
1.6568,-3.9542769873958
1.65695,-3.94424484654879
1.6571,-3.9342465190127
1.65725,-3.92428188912646
1.6574,-3.91435084141575
1.65755,-3.90445326059685
1.6577,-3.8945890315801
1.65785,-3.88475803947341
1.658,-3.87496016958582
1.65815,-3.86519530743064
1.6583,-3.85546333872899
1.65845,-3.84576414941284
1.6586,-3.83609762562817
1.65875,-3.82646365373812
1.6589,-3.81686212032587
1.65905,-3.80729291219772
1.6592,-3.79775591638585
1.65935,-3.78825102015111
1.6595,-3.77877811098584
1.65965,-3.76933707661646
1.6598,-3.75992780500612
1.65995,-3.75055018435726
1.6601,-3.741204103114
1.66025,-3.7318894499647
1.6604,-3.72260611384416
1.66055,-3.71335398393608
1.6607,-3.70413294967527
1.66085,-3.69494290074971
1.661,-3.68578372710287
1.66115,-3.67665531893563
1.6613,-3.66755756670845
1.66145,-3.65849036114322
1.6616,-3.64945359322524
1.66175,-3.64044715420509
1.6619,-3.63147093560037
1.66205,-3.62252482919761
1.6622,-3.61360872705386
1.66235,-3.60472252149838
1.6625,-3.59586610513433
1.66265,-3.58703937084024
1.6628,-3.57824221177166
1.66295,-3.5694745213625
1.6631,-3.5607361933266
1.66325,-3.55202712165908
1.6634,-3.54334720063758
1.66355,-3.53469632482377
1.6637,-3.52607438906443
1.66385,-3.5174812884928
1.664,-3.50891691852971
1.66415,-3.50038117488468
1.6643,-3.49187395355716
1.66445,-3.48339515083741
1.6646,-3.4749446633077
1.66475,-3.46652238784321
1.6649,-3.45812822161294
1.66505,-3.44976206208081
1.6652,-3.44142380700627
1.66535,-3.4331133544454
1.6655,-3.42483060275161
1.66565,-3.41657545057635
1.6658,-3.40834779687002
1.66595,-3.40014754088252
1.6661,-3.39197458216405
1.66625,-3.38382882056571
1.6664,-3.37571015624008
1.66655,-3.36761848964191
1.6667,-3.35955372152852
1.66685,-3.35151575296053
1.667,-3.34350448530217
1.66715,-3.33551982022185
1.6673,-3.32756165969261
1.66745,-3.31962990599243
1.6676,-3.31172446170477
1.66775,-3.30384522971884
1.6679,-3.2959921132299
1.66805,-3.28816501573967
1.6682,-3.28036384105651
1.66835,-3.27258849329577
1.6685,-3.26483887687998
1.66865,-3.25711489653901
1.6688,-3.24941645731039
1.66895,-3.24174346453931
1.6691,-3.2340958238789
1.66925,-3.2264734412903
1.6694,-3.2188762230427
1.66955,-3.21130407571353
1.6697,-3.20375690618836
1.66985,-3.19623462166111
1.67,-3.18873712963396
1.67015,-3.18126433791731
1.6703,-3.17381615462987
1.67045,-3.16639248819849
1.6706,-3.15899324735821
1.67075,-3.15161834115205
1.6709,-3.14426767893104
1.67105,-3.13694117035405
1.6712,-3.12963872538758
1.67135,-3.12236025430573
1.6715,-3.11510566768992
1.67165,-3.1078748764288
1.6718,-3.100667791718
1.67195,-3.09348432505983
1.6721,-3.08632438826327
1.67225,-3.07918789344341
1.6724,-3.07207475302147
1.67255,-3.06498487972436
1.6727,-3.05791818658442
1.67285,-3.05087458693913
1.673,-3.04385399443076
1.67315,-3.03685632300606
1.6733,-3.02988148691593
1.67345,-3.02292940071494
1.6736,-3.01599997926115
1.67375,-3.00909313771553
1.6739,-3.00220879154168
1.67405,-2.9953468565054
1.6742,-2.98850724867421
1.67435,-2.981689884417
1.6745,-2.97489468040348
1.67465,-2.96812155360382
1.6748,-2.96137042128814
1.67495,-2.95464120102601
1.6751,-2.94793381068602
1.67525,-2.94124816843519
1.6754,-2.93458419273856
1.67555,-2.92794180235862
1.6757,-2.92132091635475
1.67585,-2.91472145408276
1.676,-2.90814333519426
1.67615,-2.90158647963618
1.6763,-2.89505080765018
1.67645,-2.88853623977201
1.6766,-2.88204269683105
1.67675,-2.8755700999496
1.6769,-2.86911837054237
1.67705,-2.86268743031587
1.6772,-2.8562772012677
1.67735,-2.84988760568608
1.6775,-2.84351856614906
1.67765,-2.83717000552405
1.6778,-2.83084184696706
1.67795,-2.82453401392207
1.6781,-2.81824643012045
1.67825,-2.81197901958019
1.6784,-2.80573170660532
1.67855,-2.79950441578521
1.6787,-2.79329707199386
1.67885,-2.78710960038929
1.679,-2.78094192641273
1.67915,-2.77479397578807
1.6793,-2.76866567452103
1.67945,-2.76255694889856
1.6796,-2.75646772548804
1.67975,-2.75039793113662
1.6799,-2.74434749297049
1.68005,-2.73831633839413
1.6802,-2.7323043950896
1.68035,-2.72631159101583
1.6805,-2.72033785440783
1.68065,-2.71438311377599
1.6808,-2.7084472979053
1.68095,-2.70253033585464
1.6811,-2.696632156956
1.68125,-2.6907526908137
1.6814,-2.68489186730372
1.68155,-2.67904961657279
1.6817,-2.67322586903777
1.68185,-2.66742055538481
1.682,-2.66163360656852
1.68215,-2.65586495381136
1.6823,-2.65011452860264
1.68245,-2.64438226269795
1.6826,-2.63866808811824
1.68275,-2.63297193714905
1.6829,-2.62729374233981
1.68305,-2.62163343650288
1.6832,-2.61599095271297
1.68335,-2.61036622430616
1.6835,-2.60475918487919
1.68365,-2.59916976828865
1.6838,-2.59359790865016
1.68395,-2.58804354033758
1.6841,-2.58250659798224
1.68425,-2.57698701647202
1.6844,-2.57148473095069
1.68455,-2.56599967681698
1.6847,-2.56053178972383
1.68485,-2.55508100557758
1.685,-2.5496472605371
1.68515,-2.54423049101306
1.6853,-2.53883063366703
1.68545,-2.5334476254107
1.6856,-2.52808140340512
1.68575,-2.52273190505976
1.6859,-2.51739906803178
1.68605,-2.51208283022517
1.6862,-2.50678312978998
1.68635,-2.50149990512143
1.6865,-2.49623309485912
1.68665,-2.49098263788625
1.6868,-2.48574847332868
1.68695,-2.48053054055426
1.6871,-2.4753287791719
1.68725,-2.47014312903075
1.6874,-2.46497353021944
1.68755,-2.45981992306519
1.6877,-2.45468224813304
1.68785,-2.44956044622498
1.688,-2.44445445837916
1.68815,-2.43936422586907
1.6883,-2.43428969020264
1.68845,-2.42923079312157
1.6886,-2.42418747660032
1.68875,-2.41915968284544
1.6889,-2.41414735429471
1.68905,-2.40915043361622
1.6892,-2.4041688637077
1.68935,-2.3992025876956
1.6895,-2.39425154893429
1.68965,-2.38931569100527
1.6898,-2.3843949577163
1.68995,-2.37948929310066
1.6901,-2.3745986414162
1.69025,-2.36972294714469
1.6904,-2.36486215499089
1.69055,-2.36001620988176
1.6907,-2.35518505696565
1.69085,-2.35036864161151
1.691,-2.34556690940803
1.69115,-2.34077980616289
1.6913,-2.33600727790189
1.69145,-2.33124927086817
1.6916,-2.3265057315214
1.69175,-2.32177660653698
1.6919,-2.31706184280523
1.69205,-2.31236138743058
1.6922,-2.30767518773075
1.69235,-2.30300319123599
1.6925,-2.29834534568826
1.69265,-2.29370159904041
1.6928,-2.28907189945541
1.69295,-2.28445619530555
1.6931,-2.27985443517162
1.69325,-2.27526656784214
1.6934,-2.2706925423126
1.69355,-2.26613230778456
1.6937,-2.26158581366501
1.69385,-2.25705300956544
1.694,-2.25253384530116
1.69415,-2.24802827089046
1.6943,-2.24353623655383
1.69445,-2.23905769271323
1.6946,-2.23459258999121
1.69475,-2.23014087921023
1.6949,-2.22570251139187
1.69505,-2.22127743775597
1.6952,-2.21686560971997
1.69535,-2.21246697889804
1.6955,-2.20808149710042
1.69565,-2.20370911633253
1.6958,-2.1993497887943
1.69595,-2.19500346687936
1.6961,-2.19067010317429
1.69625,-2.18634965045785
1.6964,-2.18204206170024
1.69655,-2.17774729006231
1.6967,-2.17346528889489
1.69685,-2.1691960117379
1.697,-2.16493941231972
1.69715,-2.16069544455637
1.6973,-2.15646406255082
1.69745,-2.15224522059219
1.6976,-2.14803887315502
1.69775,-2.14384497489858
1.6979,-2.13966348066607
1.69805,-2.13549434548387
1.6982,-2.1313375245609
1.69835,-2.1271929732878
1.6985,-2.12306064723622
1.69865,-2.11894050215807
1.6988,-2.11483249398488
1.69895,-2.11073657882699
1.6991,-2.10665271297282
1.69925,-2.10258085288823
1.6994,-2.09852095521572
1.69955,-2.09447297677376
1.6997,-2.09043687455608
1.69985,-2.08641260573092
1.7,-2.08240012764033
