"Freq [GHz]","dB(S(1,1)) []"
1.4,-0.633047207328874
1.40015,-0.634016596227389
1.4003,-0.634988133661733
1.40045,-0.635961825636251
1.4006,-0.636937678175446
1.40075,-0.637915697324047
1.4009,-0.638895889147089
1.40105,-0.639878259729995
1.4012,-0.64086281517864
1.40135,-0.641849561619453
1.4015,-0.642838505199482
1.40165,-0.64382965208648
1.4018,-0.644823008468978
1.40195,-0.645818580556379
1.4021,-0.646816374579019
1.40225,-0.647816396788276
1.4024,-0.648818653456626
1.40255,-0.649823150877746
1.4027,-0.650829895366568
1.40285,-0.651838893259402
1.403,-0.65285015091398
1.40315,-0.653863674709573
1.4033,-0.654879471047044
1.40345,-0.655897546348967
1.4036,-0.656917907059676
1.40375,-0.65794055964537
1.4039,-0.658965510594203
1.40405,-0.659992766416354
1.4042,-0.661022333644127
1.40435,-0.662054218832032
1.4045,-0.663088428556867
1.40465,-0.664124969417817
1.4048,-0.665163848036534
1.40495,-0.666205071057228
1.4051,-0.667248645146749
1.40525,-0.668294576994687
1.4054,-0.669342873313452
1.40555,-0.670393540838371
1.4057,-0.671446586327773
1.40585,-0.672502016563081
1.406,-0.673559838348907
1.40615,-0.674620058513131
1.4063,-0.675682683907012
1.40645,-0.676747721405263
1.4066,-0.677815177906148
1.40675,-0.678885060331586
1.4069,-0.679957375627229
1.40705,-0.681032130762563
1.4072,-0.682109332731002
1.40735,-0.683188988549988
1.4075,-0.684271105261069
1.40765,-0.685355689930014
1.4078,-0.686442749646897
1.40795,-0.687532291526201
1.4081,-0.688624322706915
1.40825,-0.68971885035261
1.4084,-0.690815881651573
1.40855,-0.691915423816878
1.4087,-0.693017484086487
1.40885,-0.694122069723366
1.409,-0.695229188015559
1.40915,-0.696338846276315
1.4093,-0.697451051844164
1.40945,-0.698565812083041
1.4096,-0.69968313438236
1.40975,-0.70080302615714
1.4099,-0.70192549484809
1.41005,-0.703050547921735
1.4102,-0.70417819287048
1.41035,-0.705308437212759
1.4105,-0.706441288493096
1.41065,-0.707576754282243
1.4108,-0.708714842177274
1.41095,-0.709855559801675
1.4111,-0.710998914805471
1.41125,-0.712144914865328
1.4114,-0.713293567684645
1.41155,-0.714444880993676
1.4117,-0.715598862549643
1.41185,-0.71675552013682
1.412,-0.717914861566672
1.41215,-0.719076894677934
1.4123,-0.720241627336743
1.41245,-0.721409067436744
1.4126,-0.722579222899185
1.41275,-0.723752101673058
1.4129,-0.724927711735177
1.41305,-0.726106061090313
1.4132,-0.727287157771302
1.41335,-0.728471009839154
1.4135,-0.729657625383169
1.41365,-0.730847012521044
1.4138,-0.732039179399005
1.41395,-0.733234134191906
1.4141,-0.734431885103353
1.41425,-0.735632440365822
1.4144,-0.736835808240761
1.41455,-0.738041997018722
1.4147,-0.739251015019482
1.41485,-0.740462870592147
1.415,-0.741677572115282
1.41515,-0.742895127997019
1.4153,-0.744115546675195
1.41545,-0.745338836617459
1.4156,-0.746565006321393
1.41575,-0.747794064314638
1.4159,-0.749026019155019
1.41605,-0.750260879430661
1.4162,-0.751498653760113
1.41635,-0.752739350792481
1.4165,-0.753982979207535
1.41665,-0.75522954771586
1.4168,-0.756479065058955
1.41695,-0.75773154000937
1.4171,-0.758986981370839
1.41725,-0.760245397978398
1.4174,-0.761506798698517
1.41755,-0.762771192429226
1.4177,-0.764038588100254
1.41785,-0.76530899467314
1.418,-0.76658242114138
1.41815,-0.767858876530554
1.4183,-0.769138369898447
1.41845,-0.770420910335195
1.4186,-0.771706506963411
1.41875,-0.772995168938318
1.4189,-0.774286905447892
1.41905,-0.775581725712973
1.4192,-0.776879638987429
1.41935,-0.778180654558271
1.4195,-0.779484781745802
1.41965,-0.780792029903746
1.4198,-0.782102408419394
1.41995,-0.78341592671372
1.4201,-0.784732594241557
1.42025,-0.786052420491703
1.4204,-0.78737541498708
1.42055,-0.788701587284873
1.4207,-0.790030946976648
1.42085,-0.791363503688541
1.421,-0.792699267081351
1.42115,-0.794038246850717
1.4213,-0.795380452727251
1.42145,-0.796725894476675
1.4216,-0.798074581899987
1.42175,-0.799426524833583
1.4219,-0.800781733149416
1.42205,-0.802140216755149
1.4222,-0.803501985594288
1.42235,-0.804867049646348
1.4225,-0.806235418926988
1.42265,-0.807607103488174
1.4228,-0.808982113418316
1.42295,-0.810360458842426
1.4231,-0.811742149922274
1.42325,-0.813127196856542
1.4234,-0.81451560988097
1.42355,-0.815907399268513
1.4237,-0.817302575329497
1.42385,-0.818701148411781
1.424,-0.820103128900902
1.42415,-0.821508527220237
1.4243,-0.822917353831174
1.42445,-0.824329619233248
1.4246,-0.82574533396431
1.42475,-0.827164508600695
1.4249,-0.82858715375738
1.42505,-0.830013280088136
1.4252,-0.831442898285707
1.42535,-0.832876019081951
1.4255,-0.834312653248025
1.42565,-0.835752811594537
1.4258,-0.837196504971727
1.42595,-0.838643744269614
1.4261,-0.840094540418169
1.42625,-0.841548904387495
1.4264,-0.843006847187984
1.42655,-0.844468379870484
1.4267,-0.845933513526482
1.42685,-0.847402259288264
1.427,-0.848874628329089
1.42715,-0.850350631863371
1.4273,-0.851830281146838
1.42745,-0.853313587476715
1.4276,-0.854800562191903
1.42775,-0.85629121667314
1.4279,-0.857785562343197
1.42805,-0.859283610667045
1.4282,-0.860785373152029
1.42835,-0.862290861348062
1.4285,-0.863800086847789
1.42865,-0.865313061286781
1.4288,-0.866829796343705
1.42895,-0.868350303740525
1.4291,-0.869874595242664
1.42925,-0.871402682659202
1.4294,-0.872934577843056
1.42955,-0.874470292691174
1.4297,-0.876009839144715
1.42985,-0.877553229189233
1.43,-0.879100474854876
1.43015,-0.88065158821657
1.4303,-0.882206581394219
1.43045,-0.883765466552876
1.4306,-0.885328255902957
1.43075,-0.886894961700425
1.4309,-0.888465596246983
1.43105,-0.890040171890274
1.4312,-0.891618701024075
1.43135,-0.893201196088492
1.4315,-0.894787669570162
1.43165,-0.896378134002451
1.4318,-0.897972601965651
1.43195,-0.89957108608719
1.4321,-0.901173599041817
1.43225,-0.902780153551827
1.4324,-0.904390762387245
1.43255,-0.906005438366038
1.4327,-0.907624194354335
1.43285,-0.909247043266603
1.433,-0.91087399806589
1.43315,-0.912505071764
1.4333,-0.914140277421725
1.43345,-0.915779628149064
1.4336,-0.917423137105401
1.43375,-0.919070817499751
1.4339,-0.920722682590949
1.43405,-0.92237874568789
1.4342,-0.924039020149722
1.43435,-0.925703519386079
1.4345,-0.927372256857285
1.43465,-0.929045246074589
1.4348,-0.930722500600371
1.43495,-0.932404034048371
1.4351,-0.93408986008391
1.43525,-0.935779992424111
1.4354,-0.937474444838127
1.43555,-0.939173231147362
1.4357,-0.940876365225701
1.43585,-0.942583860999737
1.436,-0.944295732449
1.43615,-0.946011993606193
1.4363,-0.947732658557398
1.43645,-0.949457741442342
1.4366,-0.951187256454613
1.43675,-0.952921217841892
1.4369,-0.954659639906195
1.43705,-0.956402537004108
1.4372,-0.958149923547022
1.43735,-0.959901814001376
1.4375,-0.961658222888896
1.43765,-0.963419164786832
1.4378,-0.965184654328203
1.43795,-0.966954706202047
1.4381,-0.96872933515366
1.43825,-0.970508555984835
1.4384,-0.972292383554127
1.43855,-0.974080832777082
1.4387,-0.975873918626507
1.43885,-0.97767165613269
1.439,-0.979474060383695
1.43915,-0.98128114652558
1.4393,-0.983092929762655
1.43945,-0.984909425357766
1.4396,-0.986730648632518
1.43975,-0.988556614967552
1.4399,-0.990387339802805
1.44005,-0.992222838637752
1.4402,-0.994063127031697
1.44035,-0.995908220604015
1.4405,-0.997758135034425
1.44065,-0.999612886063254
1.4408,-1.00147248949171
1.44095,-1.00333696118212
1.4411,-1.00520631705827
1.44125,-1.00708057310559
1.4414,-1.00895974537149
1.44155,-1.01084384996561
1.4417,-1.01273290306009
1.44185,-1.01462692088985
1.442,-1.0165259197529
1.44215,-1.01842991601055
1.4423,-1.02033892608777
1.44245,-1.02225296647341
1.4426,-1.02417205372051
1.44275,-1.02609620444661
1.4429,-1.02802543533396
1.44305,-1.02995976312991
1.4432,-1.03189920464712
1.44335,-1.03384377676385
1.4435,-1.03579349642435
1.44365,-1.03774838063901
1.4438,-1.03970844648476
1.44395,-1.04167371110535
1.4441,-1.0436441917116
1.44425,-1.04561990558174
1.4444,-1.04760087006172
1.44455,-1.04958710256548
1.4447,-1.05157862057528
1.44485,-1.05357544164196
1.445,-1.05557758338533
1.44515,-1.0575850634944
1.4453,-1.05959789972771
1.44545,-1.06161610991369
1.4456,-1.0636397119509
1.44575,-1.06566872380838
1.4459,-1.06770316352599
1.44605,-1.06974304921468
1.4462,-1.07178839905685
1.44635,-1.07383923130663
1.4465,-1.07589556429024
1.44665,-1.07795741640632
1.4468,-1.08002480612619
1.44695,-1.08209775199428
1.4471,-1.08417627262835
1.44725,-1.08626038671991
1.4474,-1.08835011303449
1.44755,-1.09044547041204
1.4477,-1.09254647776718
1.44785,-1.09465315408962
1.448,-1.09676551844443
1.44815,-1.09888358997245
1.4483,-1.10100738789057
1.44845,-1.10313693149212
1.4486,-1.10527224014718
1.44875,-1.10741333330295
1.4489,-1.1095602304841
1.44905,-1.11171295129313
1.4492,-1.11387151541068
1.44935,-1.11603594259593
1.4495,-1.11820625268694
1.44965,-1.12038246560101
1.4498,-1.12256460133506
1.44995,-1.12475267996592
1.4501,-1.12694672165081
1.45025,-1.12914674662759
1.4504,-1.13135277521523
1.45055,-1.13356482781408
1.4507,-1.13578292490633
1.45085,-1.13800708705633
1.451,-1.14023733491097
1.45115,-1.14247368920009
1.4513,-1.14471617073683
1.45145,-1.14696480041801
1.4516,-1.14921959922452
1.45175,-1.15148058822172
1.4519,-1.15374778855981
1.45205,-1.15602122147421
1.4522,-1.15830090828598
1.45235,-1.16058687040218
1.4525,-1.1628791293163
1.45265,-1.16517770660862
1.4528,-1.16748262394664
1.45295,-1.16979390308545
1.4531,-1.1721115658682
1.45325,-1.1744356342264
1.4534,-1.1767661301804
1.45355,-1.17910307583981
1.4537,-1.18144649340387
1.45385,-1.18379640516186
1.454,-1.18615283349356
1.45415,-1.18851580086964
1.4543,-1.19088532985207
1.45445,-1.19326144309457
1.4546,-1.19564416334301
1.45475,-1.19803351343585
1.4549,-1.20042951630457
1.45505,-1.20283219497408
1.4552,-1.2052415725632
1.45535,-1.20765767228503
1.4555,-1.21008051744747
1.45565,-1.21251013145355
1.4558,-1.21494653780199
1.45595,-1.21738976008757
1.4561,-1.2198398220016
1.45625,-1.22229674733237
1.4564,-1.22476055996558
1.45655,-1.22723128388485
1.4567,-1.22970894317211
1.45685,-1.2321935620081
1.457,-1.23468516467282
1.45715,-1.23718377554598
1.4573,-1.23968941910749
1.45745,-1.24220211993792
1.4576,-1.24472190271897
1.45775,-1.24724879223395
1.4579,-1.24978281336821
1.45805,-1.2523239911097
1.4582,-1.25487235054939
1.45835,-1.25742791688176
1.4585,-1.25999071540534
1.45865,-1.26256077152309
1.4588,-1.26513811074302
1.45895,-1.26772275867857
1.4591,-1.2703147410492
1.45925,-1.27291408368081
1.4594,-1.27552081250631
1.45955,-1.27813495356606
1.4597,-1.28075653300843
1.45985,-1.28338557709029
1.46,-1.28602211217751
1.46015,-1.28866616474549
1.4603,-1.29131776137967
1.46045,-1.29397692877606
1.4606,-1.29664369374177
1.46075,-1.29931808319549
1.4609,-1.30200012416808
1.46105,-1.30468984380307
1.4612,-1.30738726935719
1.46135,-1.31009242820093
1.4615,-1.31280534781904
1.46165,-1.31552605581114
1.4618,-1.3182545798922
1.46195,-1.32099094789311
1.4621,-1.32373518776125
1.46225,-1.32648732756102
1.4624,-1.32924739547443
1.46255,-1.33201541980162
1.4627,-1.33479142896146
1.46285,-1.33757545149208
1.463,-1.34036751605149
1.46315,-1.34316765141809
1.4633,-1.34597588649131
1.46345,-1.34879225029215
1.4636,-1.35161677196376
1.46375,-1.35444948077206
1.4639,-1.3572904061063
1.46405,-1.36013957747963
1.4642,-1.36299702452977
1.46435,-1.36586277701952
1.4645,-1.36873686483742
1.46465,-1.37161931799835
1.4648,-1.37451016664411
1.46495,-1.37740944104404
1.4651,-1.38031717159567
1.46525,-1.38323338882529
1.4654,-1.38615812338859
1.46555,-1.3890914060713
1.4657,-1.39203326778979
1.46585,-1.39498373959173
1.466,-1.3979428526567
1.46615,-1.40091063829684
1.4663,-1.40388712795752
1.46645,-1.40687235321792
1.4666,-1.40986634579173
1.46675,-1.4128691375278
1.4669,-1.41588076041079
1.46705,-1.41890124656181
1.4672,-1.4219306282391
1.46735,-1.42496893783871
1.4675,-1.42801620789517
1.46765,-1.43107247108211
1.4678,-1.43413776021303
1.46795,-1.43721210824191
1.4681,-1.4402955482639
1.46825,-1.44338811351607
1.4684,-1.44648983737805
1.46855,-1.44960075337272
1.4687,-1.45272089516696
1.46885,-1.45585029657231
1.469,-1.45898899154569
1.46915,-1.46213701419013
1.4693,-1.46529439875549
1.46945,-1.46846117963915
1.4696,-1.47163739138675
1.46975,-1.47482306869292
1.4699,-1.47801824640204
1.47005,-1.48122295950892
1.4702,-1.48443724315961
1.47035,-1.48766113265207
1.4705,-1.49089466343698
1.47065,-1.49413787111848
1.4708,-1.49739079145492
1.47095,-1.5006534603596
1.4711,-1.5039259139016
1.47125,-1.50720818830648
1.4714,-1.51050031995712
1.47155,-1.51380234539444
1.4717,-1.51711430131822
1.47185,-1.52043622458791
1.472,-1.52376815222335
1.47215,-1.52711012140565
1.4723,-1.53046216947793
1.47245,-1.53382433394618
1.4726,-1.53719665248003
1.47275,-1.54057916291358
1.4729,-1.54397190324622
1.47305,-1.54737491164346
1.4732,-1.55078822643778
1.47335,-1.5542118861294
1.4735,-1.55764592938721
1.47365,-1.56109039504953
1.4738,-1.56454532212501
1.47395,-1.5680107497935
1.4741,-1.57148671740684
1.47425,-1.57497326448979
1.4744,-1.57847043074087
1.47455,-1.58197825603325
1.4747,-1.5854967804156
1.47485,-1.58902604411302
1.475,-1.59256608752788
1.47515,-1.59611695124076
1.4753,-1.59967867601133
1.47545,-1.60325130277922
1.4756,-1.60683487266502
1.47575,-1.61042942697111
1.4759,-1.61403500718261
1.47605,-1.61765165496833
1.4762,-1.62127941218166
1.47635,-1.62491832086156
1.4765,-1.62856842323345
1.47665,-1.6322297617102
1.4768,-1.63590237889304
1.47695,-1.63958631757258
1.4771,-1.64328162072972
1.47725,-1.64698833153667
1.4774,-1.65070649335786
1.47755,-1.654436149751
1.4777,-1.65817734446803
1.47785,-1.6619301214561
1.478,-1.66569452485861
1.47815,-1.66947059901618
1.4783,-1.67325838846768
1.47845,-1.67705793795127
1.4786,-1.68086929240536
1.47875,-1.68469249696971
1.4789,-1.68852759698646
1.47905,-1.69237463800109
1.4792,-1.69623366576359
1.47935,-1.70010472622943
1.4795,-1.70398786556068
1.47965,-1.70788313012701
1.4798,-1.71179056650684
1.47995,-1.71571022148835
1.4801,-1.71964214207064
1.48025,-1.72358637546478
1.4804,-1.72754296909492
1.48055,-1.73151197059938
1.4807,-1.7354934278318
1.48085,-1.73948738886227
1.481,-1.74349390197839
1.48115,-1.74751301568649
1.4813,-1.75154477871271
1.48145,-1.75558924000417
1.4816,-1.75964644873015
1.48175,-1.76371645428322
1.4819,-1.76779930628043
1.48205,-1.77189505456448
1.4822,-1.7760037492049
1.48235,-1.78012544049926
1.4825,-1.78426017897435
1.48265,-1.78840801538744
1.4828,-1.79256900072739
1.48295,-1.79674318621599
1.4831,-1.8009306233091
1.48325,-1.80513136369796
1.4834,-1.80934545931037
1.48355,-1.813572962312
1.4837,-1.81781392510761
1.48385,-1.82206840034234
1.484,-1.82633644090299
1.48415,-1.8306180999193
1.4843,-1.83491343076523
1.48445,-1.8392224870603
1.4846,-1.84354532267084
1.48475,-1.84788199171138
1.4849,-1.85223254854592
1.48505,-1.85659704778929
1.4852,-1.86097554430849
1.48535,-1.86536809322404
1.4855,-1.86977474991136
1.48565,-1.87419557000209
1.4858,-1.87863060938554
1.48595,-1.88307992421002
1.4861,-1.88754357088425
1.48625,-1.89202160607879
1.4864,-1.89651408672743
1.48655,-1.9010210700286
1.4867,-1.90554261344686
1.48685,-1.91007877471427
1.487,-1.9146296118319
1.48715,-1.91919518307126
1.4873,-1.92377554697578
1.48745,-1.92837076236229
1.4876,-1.93298088832251
1.48775,-1.93760598422455
1.4879,-1.94224610971441
1.48805,-1.94690132471752
1.4882,-1.95157168944026
1.48835,-1.95625726437149
1.4885,-1.96095811028411
1.48865,-1.96567428823661
1.4888,-1.97040585957468
1.48895,-1.97515288593272
1.4891,-1.97991542923551
1.48925,-1.98469355169974
1.4894,-1.98948731583568
1.48955,-1.99429678444879
1.4897,-1.99912202064132
1.48985,-2.00396308781398
1.49,-2.00882004966764
1.49015,-2.01369297020492
1.4903,-2.01858191373192
1.49045,-2.02348694485989
1.4906,-2.02840812850697
1.49075,-2.03334552989982
1.4909,-2.03829921457545
1.49105,-2.04326924838287
1.4912,-2.04825569748492
1.49135,-2.05325862835995
1.4915,-2.05827810780363
1.49165,-2.06331420293078
1.4918,-2.06836698117707
1.49195,-2.07343651030093
1.4921,-2.0785228583853
1.49225,-2.08362609383951
1.4924,-2.08874628540111
1.49255,-2.09388350213772
1.4927,-2.09903781344895
1.49285,-2.10420928906823
1.493,-2.10939799906473
1.49315,-2.11460401384531
1.4933,-2.11982740415639
1.49345,-2.12506824108595
1.4936,-2.13032659606542
1.49375,-2.13560254087171
1.4939,-2.14089614762915
1.49405,-2.14620748881151
1.4942,-2.151536637244
1.49435,-2.15688366610529
1.4945,-2.1622486489296
1.49465,-2.16763165960864
1.4948,-2.17303277239382
1.49495,-2.17845206189824
1.4951,-2.18388960309882
1.49525,-2.1893454713384
1.4954,-2.19481974232788
1.49555,-2.20031249214839
1.4957,-2.2058237972534
1.49585,-2.21135373447094
1.496,-2.21690238100576
1.49615,-2.22246981444156
1.4963,-2.22805611274321
1.49645,-2.23366135425899
1.4966,-2.23928561772284
1.49675,-2.24492898225665
1.4969,-2.25059152737254
1.49705,-2.25627333297516
1.4972,-2.26197447936405
1.49735,-2.26769504723593
1.4975,-2.27343511768711
1.49765,-2.27919477221583
1.4978,-2.28497409272468
1.49795,-2.29077316152301
1.4981,-2.29659206132934
1.49825,-2.30243087527385
1.4984,-2.3082896869008
1.49855,-2.31416858017107
1.4987,-2.32006763946461
1.49885,-2.32598694958301
1.499,-2.33192659575204
1.49915,-2.33788666362419
1.4993,-2.34386723928126
1.49945,-2.34986840923697
1.4996,-2.35589026043959
1.49975,-2.3619328802746
1.4999,-2.36799635656729
1.50005,-2.37408077758551
1.5002,-2.38018623204234
1.50035,-2.38631280909885
1.5005,-2.39246059836679
1.50065,-2.39862968991146
1.5008,-2.40482017425435
1.50095,-2.41103214237611
1.5011,-2.4172656857193
1.50125,-2.42352089619124
1.5014,-2.42979786616694
1.50155,-2.43609668849197
1.5017,-2.44241745648537
1.50185,-2.44876026394267
1.502,-2.45512520513877
1.50215,-2.46151237483101
1.5023,-2.46792186826214
1.50245,-2.4743537811634
1.5026,-2.48080820975758
1.50275,-2.48728525076211
1.5029,-2.49378500139217
1.50305,-2.50030755936387
1.5032,-2.50685302289736
1.50335,-2.51342149072008
1.5035,-2.52001306206995
1.50365,-2.52662783669867
1.5038,-2.5332659148749
1.50395,-2.53992739738766
1.5041,-2.54661238554959
1.50425,-2.55332098120035
1.5044,-2.56005328670997
1.50455,-2.56680940498231
1.5047,-2.57358943945843
1.50485,-2.58039349412011
1.505,-2.58722167349337
1.50515,-2.59407408265191
1.5053,-2.60095082722079
1.50545,-2.60785201337986
1.5056,-2.61477774786754
1.50575,-2.62172813798435
1.5059,-2.62870329159666
1.50605,-2.63570331714035
1.5062,-2.64272832362456
1.50635,-2.64977842063551
1.5065,-2.65685371834024
1.50665,-2.66395432749048
1.5068,-2.67108035942652
1.50695,-2.67823192608114
1.5071,-2.68540913998344
1.50725,-2.69261211426297
1.5074,-2.69984096265361
1.50755,-2.70709579949768
1.5077,-2.71437673974996
1.50785,-2.72168389898185
1.508,-2.72901739338549
1.50815,-2.73637733977795
1.5083,-2.74376385560545
1.50845,-2.75117705894763
1.5086,-2.7586170685218
1.50875,-2.7660840036873
1.5089,-2.77357798444991
1.50905,-2.78109913146617
1.5092,-2.78864756604793
1.50935,-2.79622341016671
1.5095,-2.80382678645838
1.50965,-2.81145781822759
1.5098,-2.81911662945246
1.50995,-2.82680334478922
1.5101,-2.83451808957685
1.51025,-2.84226098984187
1.5104,-2.85003217230311
1.51055,-2.8578317643765
1.5107,-2.86565989417994
1.51085,-2.87351669053825
1.511,-2.88140228298804
1.51115,-2.8893168017828
1.5113,-2.89726037789787
1.51145,-2.90523314303555
1.5116,-2.91323522963028
1.51175,-2.92126677085372
1.5119,-2.9293279006201
1.51205,-2.9374187535914
1.5122,-2.94553946518273
1.51235,-2.95369017156771
1.5125,-2.96187100968384
1.51265,-2.97008211723804
1.5128,-2.97832363271214
1.51295,-2.98659569536847
1.5131,-2.99489844525552
1.51325,-3.00323202321352
1.5134,-3.01159657088032
1.51355,-3.01999223069707
1.5137,-3.02841914591413
1.51385,-3.03687746059691
1.514,-3.04536731963188
1.51415,-3.05388886873255
1.5143,-3.06244225444557
1.51445,-3.07102762415679
1.5146,-3.07964512609753
1.51475,-3.08829490935075
1.5149,-3.09697712385741
1.51505,-3.10569192042278
1.5152,-3.11443945072289
1.51535,-3.12321986731104
1.5155,-3.1320333236243
1.51565,-3.14087997399012
1.5158,-3.14975997363305
1.51595,-3.15867347868146
1.5161,-3.16762064617429
1.51625,-3.17660163406801
1.5164,-3.18561660124346
1.51655,-3.19466570751292
1.5167,-3.20374911362715
1.51685,-3.21286698128255
1.517,-3.22201947312834
1.51715,-3.23120675277384
1.5173,-3.24042898479584
1.51745,-3.24968633474602
1.5176,-3.2589789691584
1.51775,-3.268307055557
1.5179,-3.27767076246333
1.51805,-3.28707025940428
1.5182,-3.29650571691978
1.51835,-3.30597730657071
1.5185,-3.31548520094688
1.51865,-3.32502957367499
1.5188,-3.33461059942678
1.51895,-3.34422845392719
1.5191,-3.35388331396265
1.51925,-3.36357535738938
1.5194,-3.37330476314186
1.51955,-3.3830717112413
1.5197,-3.39287638280428
1.51985,-3.40271896005142
1.52,-3.4125996263161
1.52015,-3.4225185660534
1.5203,-3.43247596484892
1.52045,-3.44247200942796
1.5206,-3.45250688766452
1.52075,-3.46258078859056
1.5209,-3.47269390240533
1.52105,-3.48284642048468
1.5212,-3.49303853539065
1.52135,-3.50327044088098
1.5215,-3.51354233191885
1.52165,-3.52385440468261
1.5218,-3.53420685657567
1.52195,-3.54459988623646
1.5221,-3.55503369354854
1.52225,-3.56550847965074
1.5224,-3.57602444694747
1.52255,-3.58658179911902
1.5227,-3.59718074113214
1.52285,-3.60782147925056
1.523,-3.61850422104573
1.52315,-3.62922917540753
1.5233,-3.63999655255534
1.52345,-3.65080656404883
1.5236,-3.66165942279932
1.52375,-3.67255534308083
1.5239,-3.68349454054156
1.52405,-3.69447723221527
1.5242,-3.70550363653288
1.52435,-3.71657397333416
1.5245,-3.72768846387956
1.52465,-3.73884733086212
1.5248,-3.7500507984195
1.52495,-3.76129909214615
1.5251,-3.77259243910559
1.52525,-3.78393106784286
1.5254,-3.79531520839698
1.52555,-3.80674509231366
1.5257,-3.81822095265798
1.52585,-3.82974302402746
1.526,-3.84131154256494
1.52615,-3.85292674597178
1.5263,-3.86458887352122
1.52645,-3.87629816607165
1.5266,-3.88805486608031
1.52675,-3.89985921761686
1.5269,-3.91171146637729
1.52705,-3.92361185969779
1.5272,-3.93556064656882
1.52735,-3.94755807764944
1.5275,-3.95960440528156
1.52765,-3.97169988350449
1.5278,-3.98384476806953
1.52795,-3.99603931645482
1.5281,-4.00828378788014
1.52825,-4.02057844332212
1.5284,-4.03292354552929
1.52855,-4.04531935903752
1.5287,-4.05776615018551
1.52885,-4.07026418713034
1.529,-4.08281373986335
1.52915,-4.09541508022603
1.5293,-4.10806848192607
1.52945,-4.12077422055367
1.5296,-4.13353257359776
1.52975,-4.14634382046271
1.5299,-4.15920824248487
1.53005,-4.17212612294946
1.5302,-4.18509774710755
1.53035,-4.19812340219315
1.5305,-4.21120337744054
1.53065,-4.22433796410169
1.5308,-4.23752745546384
1.53095,-4.25077214686731
1.5311,-4.26407233572328
1.53125,-4.27742832153198
1.5314,-4.29084040590085
1.53155,-4.30430889256286
1.5317,-4.31783408739513
1.53185,-4.33141629843753
1.532,-4.34505583591154
1.53215,-4.35875301223926
1.5323,-4.37250814206255
1.53245,-4.38632154226234
1.5326,-4.40019353197806
1.53275,-4.41412443262725
1.5329,-4.42811456792538
1.53305,-4.44216426390576
1.5332,-4.45627384893954
1.53335,-4.47044365375606
1.5335,-4.4846740114631
1.53365,-4.49896525756751
1.5338,-4.51331772999587
1.53395,-4.52773176911531
1.5341,-4.54220771775449
1.53425,-4.55674592122467
1.5344,-4.57134672734109
1.53455,-4.58601048644435
1.5347,-4.60073755142188
1.53485,-4.61552827772978
1.535,-4.6303830234145
1.53515,-4.64530214913493
1.5353,-4.66028601818448
1.53545,-4.67533499651326
1.5356,-4.69044945275052
1.53575,-4.70562975822711
1.5359,-4.72087628699802
1.53605,-4.73618941586526
1.5362,-4.75156952440061
1.53635,-4.76701699496859
1.5365,-4.78253221274961
1.53665,-4.798115565763
1.5368,-4.81376744489046
1.53695,-4.82948824389928
1.5371,-4.84527835946597
1.53725,-4.86113819119968
1.5374,-4.87706814166588
1.53755,-4.89306861641008
1.5377,-4.90914002398167
1.53785,-4.92528277595767
1.538,-4.94149728696671
1.53815,-4.95778397471292
1.5383,-4.97414326000007
1.53845,-4.99057556675544
1.5386,-5.00708132205405
1.53875,-5.02366095614265
1.5389,-5.04031490246385
1.53905,-5.05704359768028
1.5392,-5.07384748169865
1.53935,-5.09072699769387
1.5395,-5.10768259213316
1.53965,-5.12471471479993
1.5398,-5.141823818818
1.53995,-5.15901036067535
1.5401,-5.17627480024812
1.54025,-5.19361760082427
1.5404,-5.21103922912739
1.54055,-5.22854015534016
1.5407,-5.24612085312795
1.54085,-5.26378179966203
1.541,-5.28152347564284
1.54115,-5.29934636532291
1.5413,-5.31725095652972
1.54145,-5.33523774068834
1.5416,-5.35330721284382
1.54175,-5.37145987168335
1.5419,-5.38969621955818
1.54205,-5.40801676250519
1.5422,-5.42642201026832
1.54235,-5.44491247631951
1.5425,-5.46348867787941
1.54265,-5.48215113593765
1.5428,-5.50090037527272
1.54295,-5.51973692447155
1.5431,-5.53866131594854
1.54325,-5.55767408596406
1.5434,-5.57677577464261
1.54355,-5.59596692599035
1.5437,-5.61524808791209
1.54385,-5.63461981222772
1.544,-5.65408265468796
1.54415,-5.67363717498948
1.5443,-5.69328393678935
1.54445,-5.71302350771869
1.5446,-5.73285645939565
1.54475,-5.75278336743756
1.5449,-5.77280481147206
1.54505,-5.79292137514767
1.5452,-5.81313364614303
1.54535,-5.83344221617553
1.5455,-5.85384768100861
1.54565,-5.87435064045825
1.5458,-5.89495169839806
1.54595,-5.91565146276333
1.5461,-5.93645054555396
1.54625,-5.95734956283583
1.5464,-5.97834913474101
1.54655,-5.99944988546657
1.5467,-6.02065244327165
1.54685,-6.04195744047345
1.547,-6.06336551344115
1.54715,-6.08487730258849
1.5473,-6.10649345236436
1.54745,-6.12821461124169
1.5476,-6.15004143170451
1.54775,-6.17197457023283
1.5479,-6.19401468728562
1.54805,-6.21616244728161
1.5482,-6.23841851857776
1.54835,-6.2607835734455
1.5485,-6.28325828804455
1.54865,-6.30584334239419
1.5488,-6.32853942034184
1.54895,-6.35134720952908
1.5491,-6.37426740135458
1.54925,-6.39730069093444
1.5494,-6.42044777705913
1.54955,-6.4437093621474
1.5497,-6.46708615219694
1.54985,-6.49057885673148
1.55,-6.51418818874438
1.55015,-6.53791486463864
1.5503,-6.56175960416275
1.55045,-6.58572313034312
1.5506,-6.60980616941153
1.55075,-6.63400945072929
1.5509,-6.65833370670608
1.55105,-6.68277967271464
1.5512,-6.70734808700072
1.55135,-6.73203969058764
1.5515,-6.75685522717643
1.55165,-6.7817954430396
1.5518,-6.80686108691042
1.55195,-6.8320529098661
1.5521,-6.85737166520453
1.55225,-6.88281810831588
1.5524,-6.9083929965468
1.55255,-6.93409708905869
1.5527,-6.9599311466793
1.55285,-6.98589593174629
1.553,-7.01199220794477
1.55315,-7.03822074013605
1.5533,-7.06458229417947
1.55345,-7.09107763674592
1.5536,-7.11770753512225
1.55375,-7.14447275700822
1.5539,-7.17137407030343
1.55405,-7.19841224288542
1.5542,-7.22558804237837
1.55435,-7.25290223591113
1.5545,-7.28035558986602
1.55465,-7.30794886961595
1.5548,-7.33568283925156
1.55495,-7.36355826129602
1.5551,-7.39157589640892
1.55525,-7.41973650307788
1.5554,-7.4480408372972
1.55555,-7.47648965223417
1.5557,-7.50508369788152
1.55585,-7.5338237206965
1.556,-7.56271046322568
1.55615,-7.59174466371444
1.5563,-7.62092705570238
1.55645,-7.6502583676019
1.5566,-7.67973932226132
1.55675,-7.70937063651145
1.5569,-7.73915302069405
1.55705,-7.7690871781737
1.5572,-7.79917380483027
1.55735,-7.82941358853309
1.5575,-7.85980720859585
1.55765,-7.89035533521043
1.5578,-7.92105862886132
1.55795,-7.95191773971728
1.5581,-7.98293330700228
1.55825,-8.01410595834296
1.5584,-8.04543630909273
1.55855,-8.07692496163255
1.5587,-8.10857250464574
1.55885,-8.14037951236815
1.559,-8.1723465438121
1.55915,-8.2044741419623
1.5593,-8.2367628329452
1.55945,-8.2692131251686
1.5596,-8.3018255084324
1.55975,-8.33460045300907
1.5599,-8.36753840869231
1.56005,-8.40063980381475
1.5602,-8.43390504423135
1.56035,-8.46733451227007
1.5605,-8.50092856564761
1.56065,-8.53468753634859
1.5608,-8.56861172946932
1.56095,-8.60270142202284
1.5611,-8.636956861706
1.56125,-8.6713782656269
1.5614,-8.70596581899119
1.56155,-8.74071967374755
1.5617,-8.77563994718951
1.56185,-8.81072672051434
1.562,-8.84598003733726
1.56215,-8.88139990215851
1.5623,-8.91698627878568
1.56245,-8.95273908870573
1.5626,-8.98865820940981
1.56275,-9.0247434726672
1.5629,-9.06099466274782
1.56305,-9.09741151459331
1.5632,-9.13399371193369
1.56335,-9.17074088535102
1.5635,-9.20765261028626
1.56365,-9.24472840499075
1.5638,-9.28196772842005
1.56395,-9.31936997806867
1.5641,-9.35693448774677
1.56425,-9.39466052529506
1.5644,-9.43254729023979
1.56455,-9.47059391138522
1.5647,-9.50879944434284
1.56485,-9.54716286899818
1.565,-9.58568308691201
1.56515,-9.62435891865753
1.5653,-9.6631891010924
1.56545,-9.70217228456354
1.5656,-9.74130703004749
1.56575,-9.78059180622241
1.5659,-9.82002498647449
1.56605,-9.85960484583752
1.5662,-9.89932955786474
1.56635,-9.93919719143538
1.5665,-9.9792057074939
1.56665,-10.0193529557242
1.5668,-10.0596366711586
1.56695,-10.1000544707222
1.5671,-10.1406038497148
1.56725,-10.1812821782302
1.5674,-10.2220866975155
1.56755,-10.2630145162721
1.5677,-10.3040626068988
1.56785,-10.3452278016821
1.568,-10.3865067889332
1.56815,-10.4278961090769
1.5683,-10.4693921506948
1.56845,-10.5109911465256
1.5686,-10.5526891694281
1.56875,-10.5944821283095
1.5689,-10.6363657640245
1.56905,-10.6783356452519
1.5692,-10.7203871643501
1.56935,-10.7625155332033
1.5695,-10.8047157790601
1.56965,-10.8469827403742
1.5698,-10.8893110626552
1.56995,-10.9316951943347
1.5701,-10.974129382662
1.57025,-11.0166076696323
1.5704,-11.0591238879635
1.57055,-11.1016716571283
1.5707,-11.1442443794547
1.57085,-11.1868352363077
1.571,-11.2294371843628
1.57115,-11.272042951988
1.5713,-11.3146450357451
1.57145,-11.3572356970291
1.5716,-11.3998069588586
1.57175,-11.4423506028344
1.5719,-11.4848581662862
1.57205,-11.527320939621
1.5722,-11.5697299638967
1.57235,-11.6120760286377
1.5725,-11.654349669913
1.57265,-11.6965411687002
1.5728,-11.7386405495539
1.57295,-11.7806375796038
1.5731,-11.8225217679038
1.57325,-11.864282365156
1.5734,-11.905908363835
1.57355,-11.9473884987344
1.5737,-11.9887112479629
1.57385,-12.029864834415
1.574,-12.0708372277386
1.57415,-12.1116161468299
1.5743,-12.1521890628766
1.57445,-12.1925432029769
1.5746,-12.2326655543597
1.57475,-12.272542869228
1.5749,-12.3121616702535
1.57505,-12.3515082567407
1.5752,-12.3905687114878
1.57535,-12.4293289083622
1.5755,-12.4677745206108
1.57565,-12.5058910299264
1.5758,-12.5436637362821
1.57595,-12.5810777685534
1.5761,-12.6181180959371
1.57625,-12.6547695401778
1.5764,-12.6910167886126
1.57655,-12.726844408033
1.5767,-12.7622368593721
1.57685,-12.7971785132108
1.577,-12.8316536660998
1.57715,-12.8656465576893
1.5773,-12.8991413886512
1.57745,-12.9321223393797
1.5776,-12.9645735894476
1.57775,-12.9964793377929
1.5779,-13.0278238236059
1.57805,-13.058591347882
1.5782,-13.0887662956007
1.57835,-13.1183331584861
1.5785,-13.1472765583005
1.57865,-13.1755812706171
1.5788,-13.2032322490123
1.57895,-13.2302146496163
1.5791,-13.2565138559533
1.57925,-13.2821155039986
1.5794,-13.3070055073793
1.57955,-13.3311700826366
1.5797,-13.3545957744677
1.57985,-13.3772694808618
1.58,-13.3991784780404
1.58015,-13.4203104451123
1.5803,-13.4406534883491
1.58045,-13.4601961649904
1.5806,-13.4789275064807
1.58075,-13.496837041047
1.5809,-13.5139148155217
1.58105,-13.5301514163186
1.5812,-13.5455379894719
1.58135,-13.5600662596495
1.5815,-13.5737285480557
1.58165,-13.5865177891428
1.5818,-13.5984275460535
1.58195,-13.609452024724
1.5821,-13.6195860865796
1.58225,-13.6288252597633
1.5824,-13.6371657488454
1.58255,-13.6446044429635
1.5827,-13.6511389223582
1.58285,-13.6567674632687
1.583,-13.6614890411679
1.58315,-13.6653033323195
1.5833,-13.6682107136506
1.58345,-13.6702122609407
1.5836,-13.6713097453373
1.58375,-13.6715056282147
1.5839,-13.670803054403
1.58405,-13.6692058438203
1.5842,-13.6667184815497
1.58435,-13.6633461064101
1.5845,-13.6590944980756
1.58465,-13.6539700628061
1.5848,-13.647979817857
1.58495,-13.6411313746397
1.5851,-13.6334329207142
1.58525,-13.6248932006918
1.5854,-13.6155214961374
1.58555,-13.6053276045582
1.5857,-13.5943218175702
1.58585,-13.5825148983358
1.586,-13.5699180583658
1.58615,-13.5565429337797
1.5863,-13.5424015611198
1.58645,-13.52750635281
1.5866,-13.5118700723539
1.58675,-13.4955058093602
1.5869,-13.4784269544839
1.58705,-13.4606471743698
1.5872,-13.4421803866768
1.58735,-13.4230407352657
1.5875,-13.4032425656219
1.58765,-13.3828004005839
1.5878,-13.361728916446
1.58795,-13.340042919494
1.5881,-13.317757323033
1.58825,-13.2948871249587
1.5884,-13.2714473859205
1.58855,-13.2474532081181
1.5887,-13.222919714771
1.58885,-13.1978620302933
1.589,-13.172295261203
1.58915,-13.1462344777894
1.5893,-13.1196946965593
1.58945,-13.0926908634766
1.5896,-13.065237838008
1.58975,-13.0373503779808
1.5899,-13.009043125259
1.59005,-12.9803305922362
1.5902,-12.9512271491439
1.59035,-12.9217470121691
1.5905,-12.8919042323734
1.59065,-12.8617126854011
1.5908,-12.8311860619654
1.59095,-12.8003378590947
1.5911,-12.7691813721247
1.59125,-12.7377296874138
1.5914,-12.7059956757662
1.59155,-12.673991986536
1.5917,-12.6417310423938
1.59185,-12.6092250347307
1.592,-12.5764859196746
1.59215,-12.5435254146964
1.5923,-12.5103549957794
1.59245,-12.4769858951262
1.5926,-12.4434290993796
1.59275,-12.4096953483303
1.5929,-12.3757951340869
1.59305,-12.3417387006831
1.5932,-12.3075360440967
1.59335,-12.2731969126576
1.5935,-12.2387308078186
1.59365,-12.204146985268
1.5938,-12.1694544563593
1.59395,-12.1346619898362
1.5941,-12.0997781138332
1.59425,-12.0648111181277
1.5944,-12.0297690566263
1.59455,-11.994659750065
1.5947,-11.9594907889032
1.59485,-11.9242695363971
1.595,-11.8890031318309
1.59515,-11.8536984938941
1.5953,-11.8183623241854
1.59545,-11.7830011108307
1.5956,-11.747621132201
1.59575,-11.7122284607156
1.5959,-11.6768289667194
1.59605,-11.6414283224214
1.5962,-11.6060320058846
1.59635,-11.5706453050545
1.5965,-11.5352733218189
1.59665,-11.499920976088
1.5968,-11.4645930098869
1.59695,-11.4292939914525
1.5971,-11.3940283193269
1.59725,-11.3588002264404
1.5974,-11.3236137841794
1.59755,-11.2884729064298
1.5977,-11.2533813535939
1.59785,-11.2183427365745
1.598,-11.1833605207208
1.59815,-11.1484380297332
1.5983,-11.1135784495232
1.59845,-11.0787848320241
1.5986,-11.0440600989502
1.59875,-11.0094070455016
1.5989,-10.9748283440123
1.59905,-10.940326547539
1.5992,-10.9059040933898
1.59935,-10.8715633065902
1.5995,-10.8373064032845
1.59965,-10.8031354940744
1.5998,-10.7690525872896
1.59995,-10.7350595921938
1.6001,-10.7011583221223
1.60025,-10.667350497553
1.6004,-10.6336377491094
1.60055,-10.6000216204958
1.6007,-10.5665035713654
1.60085,-10.5330849801204
1.601,-10.4997671466442
1.60115,-10.4665512949689
1.6013,-10.4334385758735
1.60145,-10.4004300694192
1.6016,-10.3675267874173
1.60175,-10.3347296758334
1.6019,-10.3020396171288
1.60205,-10.2694574325369
1.6022,-10.2369838842799
1.60235,-10.2046196777229
1.6025,-10.1723654634681
1.60265,-10.1402218393903
1.6028,-10.1081893526134
1.60295,-10.0762685014312
1.6031,-10.0444597371704
1.60325,-10.0127634659996
1.6034,-9.98118005068487
1.60355,-9.94970981229113
1.6037,-9.91835303183318
1.60385,-9.88710995187549
1.604,-9.8559807780823
1.60415,-9.82496568072033
1.6043,-9.79406479611308
1.60445,-9.76327822805001
1.6046,-9.73260604914979
1.60475,-9.70204830218059
1.6049,-9.67160500133661
1.60505,-9.64127613347329
1.6052,-9.61106165930193
1.60535,-9.58096151454413
1.6055,-9.55097561104837
1.60565,-9.52110383786826
1.6058,-9.4913460623044
1.60595,-9.46170213091111
1.6061,-9.43217187046768
1.60625,-9.40275508891695
1.6064,-9.3734515762703
1.60655,-9.34426110548116
1.6067,-9.31518343328808
1.60685,-9.28621830102683
1.607,-9.25736543541446
1.60715,-9.22862454930435
1.6073,-9.19999534241388
1.60745,-9.17147750202603
1.6076,-9.14307070366452
1.60775,-9.11477461174428
1.6079,-9.08658888019769
1.60805,-9.0585131530768
1.6082,-9.03054706513366
1.60835,-9.00269024237743
1.6085,-8.97494230261129
1.60865,-8.94730285594769
1.6088,-8.91977150530384
1.60895,-8.89234784687824
1.6091,-8.86503147060747
1.60925,-8.83782196060586
1.6094,-8.81071889558688
1.60955,-8.78372184926744
1.6097,-8.75683039075651
1.60985,-8.73004408492673
1.61,-8.70336249277178
1.61015,-8.67678517174811
1.6103,-8.65031167610231
1.61045,-8.62394155718539
1.6106,-8.59767436375245
1.61075,-8.57150964225078
1.6109,-8.54544693709424
1.61105,-8.51948579092622
1.6112,-8.49362574487109
1.61135,-8.46786633877375
1.6115,-8.44220711142916
1.61165,-8.41664760080094
1.6118,-8.39118734422964
1.61195,-8.36582587863217
1.6121,-8.34056274069083
1.61225,-8.31539746703413
1.6124,-8.29032959440849
1.61255,-8.26535865984146
1.6127,-8.24048420079743
1.61285,-8.21570575532468
1.613,-8.1910228621961
1.61315,-8.16643506104133
1.6133,-8.14194189247335
1.61345,-8.1175428982074
1.6136,-8.09323762117378
1.61375,-8.06902560562478
1.6139,-8.04490639723512
1.61405,-8.02087954319729
1.6142,-7.99694459231098
1.61435,-7.97310109506721
1.6145,-7.94934860372789
1.61465,-7.92568667239985
1.6148,-7.90211485710493
1.61495,-7.87863271584498
1.6151,-7.85523980866272
1.61525,-7.83193569769898
1.6154,-7.8087199472451
1.61555,-7.78559212379236
1.6157,-7.76255179607747
1.61585,-7.73959853512428
1.616,-7.71673191428281
1.61615,-7.6939515092644
1.6163,-7.67125689817452
1.61645,-7.64864766154214
1.6166,-7.62612338234625
1.61675,-7.60368364604036
1.6169,-7.58132804057365
1.61705,-7.55905615641037
1.6172,-7.53686758654654
1.61735,-7.5147619265243
1.6175,-7.49273877444478
1.61765,-7.47079773097805
1.6178,-7.44893839937212
1.61795,-7.42716038545938
1.6181,-7.40546329766154
1.61825,-7.38384674699309
1.6184,-7.36231034706286
1.61855,-7.34085371407447
1.6187,-7.31947646682498
1.61885,-7.29817822670242
1.619,-7.27695861768207
1.61915,-7.25581726632131
1.6193,-7.23475380175368
1.61945,-7.21376785568156
1.6196,-7.19285906236776
1.61975,-7.17202705862668
1.6199,-7.15127148381381
1.62005,-7.13059197981506
1.6202,-7.10998819103494
1.62035,-7.08945976438377
1.6205,-7.06900634926488
1.62065,-7.0486275975603
1.6208,-7.02832316361659
1.62095,-7.00809270422947
1.6211,-6.98793587862834
1.62125,-6.96785234846028
1.6214,-6.947841777773
1.62155,-6.92790383299835
1.6217,-6.90803818293449
1.62185,-6.88824449872839
1.622,-6.86852245385757
1.62215,-6.84887172411158
1.6223,-6.82929198757355
1.62245,-6.80978292460099
1.6226,-6.79034421780675
1.62275,-6.77097555203975
1.6229,-6.751676614365
1.62305,-6.7324470940445
1.6232,-6.71328668251684
1.62335,-6.69419507337759
1.6235,-6.6751719623592
1.62365,-6.65621704731066
1.6238,-6.63733002817761
1.62395,-6.61851060698185
1.6241,-6.5997584878013
1.62425,-6.58107337674963
1.6244,-6.56245498195589
1.62455,-6.54390301354456
1.6247,-6.52541718361491
1.62485,-6.50699720622124
1.625,-6.48864279735249
1.62515,-6.47035367491215
1.6253,-6.45212955869853
1.62545,-6.43397017038447
1.6256,-6.41587523349786
1.62575,-6.39784447340175
1.6259,-6.37987761727468
1.62605,-6.36197439409137
1.6262,-6.3441345346031
1.62635,-6.32635777131869
1.6265,-6.3086438384853
1.62665,-6.29099247206933
1.6268,-6.27340340973779
1.62695,-6.25587639083947
1.6271,-6.23841115638656
1.62725,-6.22100744903615
1.6274,-6.20366501307203
1.62755,-6.18638359438686
1.6277,-6.16916294046402
1.62785,-6.15200280036015
1.628,-6.13490292468752
1.62815,-6.1178630655967
1.6283,-6.10088297675951
1.62845,-6.08396241335182
1.6286,-6.06710113203707
1.62875,-6.05029889094949
1.6289,-6.03355544967758
1.62905,-6.0168705692482
1.6292,-6.0002440121102
1.62935,-5.98367554211883
1.6295,-5.9671649245199
1.62965,-5.95071192593444
1.6298,-5.93431631434341
1.62995,-5.91797785907251
1.6301,-5.90169633077748
1.63025,-5.88547150142917
1.6304,-5.86930314429925
1.63055,-5.85319103394579
1.6307,-5.83713494619908
1.63085,-5.82113465814783
1.631,-5.80518994812523
1.63115,-5.78930059569563
1.6313,-5.77346638164094
1.63145,-5.75768708794754
1.6316,-5.74196249779332
1.63175,-5.72629239553469
1.6319,-5.71067656669416
1.63205,-5.69511479794777
1.6322,-5.67960687711268
1.63235,-5.66415259313538
1.6325,-5.6487517360794
1.63265,-5.6334040971139
1.6328,-5.61810946850187
1.63295,-5.60286764358871
1.6331,-5.58767841679126
1.63325,-5.57254158358636
1.6334,-5.55745694050023
1.63355,-5.54242428509768
1.6337,-5.52744341597142
1.63385,-5.51251413273178
1.634,-5.49763623599641
1.63415,-5.48280952738018
1.6343,-5.46803380948531
1.63445,-5.45330888589144
1.6346,-5.43863456114622
1.63475,-5.42401064075556
1.6349,-5.40943693117459
1.63505,-5.39491323979827
1.6352,-5.38043937495238
1.63535,-5.36601514588476
1.6355,-5.35164036275634
1.63565,-5.3373148366327
1.6358,-5.32303837947559
1.63595,-5.30881080413439
1.6361,-5.29463192433818
1.63625,-5.28050155468736
1.6364,-5.26641951064598
1.63655,-5.2523856085338
1.6367,-5.23839966551848
1.63685,-5.22446149960825
1.637,-5.21057092964419
1.63715,-5.19672777529312
1.6373,-5.18293185704033
1.63745,-5.16918299618235
1.6376,-5.15548101482018
1.63775,-5.14182573585223
1.6379,-5.12821698296772
1.63805,-5.1146545806399
1.6382,-5.10113835411961
1.63835,-5.0876681294288
1.6385,-5.07424373335417
1.63865,-5.06086499344103
1.6388,-5.04753173798702
1.63895,-5.03424379603626
1.6391,-5.02100099737332
1.63925,-5.00780317251735
1.6394,-4.99465015271642
1.63955,-4.98154176994178
1.6397,-4.96847785688244
1.63985,-4.95545824693956
1.64,-4.94248277422102
1.64015,-4.92955127353642
1.6403,-4.91666358039147
1.64045,-4.90381953098314
1.6406,-4.8910189621946
1.64075,-4.87826171158999
1.6409,-4.86554761740992
1.64105,-4.85287651856627
1.6412,-4.84024825463779
1.64135,-4.82766266586522
1.6415,-4.81511959314673
1.64165,-4.80261887803352
1.6418,-4.79016036272519
1.64195,-4.77774389006555
1.6421,-4.7653693035382
1.64225,-4.75303644726224
1.6424,-4.74074516598828
1.64255,-4.72849530509406
1.6427,-4.71628671058066
1.64285,-4.70411922906835
1.643,-4.69199270779262
1.64315,-4.67990699460054
1.6433,-4.66786193794664
1.64345,-4.65585738688942
1.6436,-4.6438931910875
1.64375,-4.63196920079598
1.6439,-4.62008526686294
1.64405,-4.60824124072578
1.6442,-4.59643697440783
1.64435,-4.58467232051492
1.6445,-4.57294713223183
1.64465,-4.56126126331921
1.6448,-4.54961456811003
1.64495,-4.53800690150652
1.6451,-4.52643811897694
1.64525,-4.51490807655229
1.6454,-4.50341663082341
1.64555,-4.49196363893771
1.6457,-4.48054895859635
1.64585,-4.46917244805102
1.646,-4.45783396610125
1.64615,-4.44653337209132
1.6463,-4.43527052590745
1.64645,-4.42404528797504
1.6466,-4.41285751925572
1.64675,-4.40170708124482
1.6469,-4.39059383596849
1.64705,-4.379517645981
1.6472,-4.36847837436228
1.64735,-4.35747588471504
1.6475,-4.34651004116245
1.64765,-4.33558070834545
1.6478,-4.32468775142017
1.64795,-4.31383103605567
1.6481,-4.30301042843122
1.64825,-4.29222579523407
1.6484,-4.28147700365697
1.64855,-4.27076392139579
1.6487,-4.26008641664723
1.64885,-4.24944435810643
1.649,-4.2388376149648
1.64915,-4.22826605690765
1.6493,-4.21772955411199
1.64945,-4.20722797724435
1.6496,-4.19676119745851
1.64975,-4.18632908639347
1.6499,-4.17593151617122
1.65005,-4.16556835939458
1.6502,-4.15523948914525
1.65035,-4.14494477898158
1.6505,-4.13468410293666
1.65065,-4.12445733551623
1.6508,-4.11426435169659
1.65095,-4.1041050269228
1.6511,-4.0939792371065
1.65125,-4.08388685862414
1.6514,-4.07382776831497
1.65155,-4.06380184347908
1.6517,-4.05380896187563
1.65185,-4.04384900172082
1.652,-4.03392184168621
1.65215,-4.02402736089674
1.6523,-4.01416543892891
1.65245,-4.00433595580913
1.6526,-3.99453879201164
1.65275,-3.98477382845705
1.6529,-3.9750409465104
1.65305,-3.96534002797939
1.6532,-3.95567095511275
1.65335,-3.94603361059844
1.6535,-3.93642787756202
1.65365,-3.92685363956493
1.6538,-3.91731078060273
1.65395,-3.90779918510359
1.6541,-3.89831873792652
1.65425,-3.88886932435981
1.6544,-3.8794508301193
1.65455,-3.8700631413469
1.6547,-3.86070614460892
1.65485,-3.85137972689442
1.655,-3.84208377561376
1.65515,-3.83281817859692
1.6553,-3.823582824092
1.65545,-3.8143776007637
1.6556,-3.80520239769169
1.65575,-3.79605710436919
1.6559,-3.78694161070135
1.65605,-3.77785580700385
1.6562,-3.76879958400134
1.65635,-3.75977283282595
1.6565,-3.75077544501586
1.65665,-3.74180731251376
1.6568,-3.73286832766546
1.65695,-3.72395838321842
1.6571,-3.71507737232025
1.65725,-3.70622518851741
1.6574,-3.69740172575357
1.65755,-3.68860687836845
1.6577,-3.67984054109621
1.65785,-3.67110260906413
1.658,-3.66239297779121
1.65815,-3.65371154318674
1.6583,-3.64505820154902
1.65845,-3.63643284956389
1.6586,-3.62783538430338
1.65875,-3.61926570322439
1.6589,-3.61072370416729
1.65905,-3.60220928535462
1.6592,-3.59372234538976
1.65935,-3.58526278325551
1.6595,-3.57683049831285
1.65965,-3.56842539029957
1.6598,-3.560047359329
1.65995,-3.55169630588871
1.6601,-3.54337213083908
1.66025,-3.53507473541221
1.6604,-3.52680402121039
1.66055,-3.51855989020506
1.6607,-3.51034224473537
1.66085,-3.50215098750693
1.661,-3.49398602159056
1.66115,-3.48584725042102
1.6613,-3.47773457779578
1.66145,-3.46964790787373
1.6616,-3.46158714517391
1.66175,-3.45355219457434
1.6619,-3.44554296131068
1.66205,-3.43755935097509
1.6622,-3.42960126951499
1.66235,-3.42166862323172
1.6625,-3.41376131877947
1.66265,-3.40587926316397
1.6628,-3.39802236374133
1.66295,-3.39019052821673
1.6631,-3.3823836646434
1.66325,-3.37460168142127
1.6634,-3.36684448729575
1.66355,-3.35911199135671
1.6637,-3.35140410303711
1.66385,-3.34372073211193
1.664,-3.33606178869698
1.66415,-3.32842718324762
1.6643,-3.32081682655778
1.66445,-3.31323062975856
1.6646,-3.30566850431727
1.66475,-3.29813036203618
1.6649,-3.2906161150513
1.66505,-3.28312567583141
1.6652,-3.27565895717667
1.66535,-3.26821587221769
1.6655,-3.26079633441429
1.66565,-3.25340025755431
1.6658,-3.2460275557526
1.66595,-3.23867814344977
1.6661,-3.23135193541115
1.66625,-3.22404884672563
1.6664,-3.21676879280448
1.66655,-3.20951168938037
1.6667,-3.20227745250607
1.66685,-3.19506599855352
1.667,-3.18787724421264
1.66715,-3.18071110649014
1.6673,-3.17356750270861
1.66745,-3.16644635050519
1.6676,-3.1593475678307
1.66775,-3.15227107294842
1.6679,-3.14521678443295
1.66805,-3.13818462116929
1.6682,-3.13117450235158
1.66835,-3.12418634748212
1.6685,-3.11722007637031
1.66865,-3.11027560913148
1.6688,-3.1033528661859
1.66895,-3.09645176825764
1.6691,-3.0895722363736
1.66925,-3.08271419186238
1.6694,-3.07587755635319
1.66955,-3.06906225177488
1.6697,-3.06226820035478
1.66985,-3.05549532461775
1.67,-3.0487435473851
1.67015,-3.04201279177346
1.6703,-3.03530298119388
1.67045,-3.02861403935065
1.6706,-3.02194589024036
1.67075,-3.01529845815081
1.6709,-3.00867166766001
1.67105,-3.00206544363516
1.6712,-2.99547971123152
1.67135,-2.98891439589155
1.6715,-2.98236942334375
1.67165,-2.97584471960171
1.6718,-2.96934021096309
1.67195,-2.96285582400854
1.6721,-2.95639148560083
1.67225,-2.94994712288365
1.6724,-2.94352266328077
1.67255,-2.93711803449498
1.6727,-2.93073316450704
1.67285,-2.92436798157478
1.673,-2.91802241423198
1.67315,-2.9116963912875
1.6733,-2.90538984182425
1.67345,-2.89910269519812
1.6736,-2.89283488103714
1.67375,-2.88658632924037
1.6739,-2.88035696997702
1.67405,-2.87414673368538
1.6742,-2.86795555107193
1.67435,-2.86178335311032
1.6745,-2.85563007104039
1.67465,-2.84949563636725
1.6748,-2.84337998086031
1.67495,-2.83728303655223
1.6751,-2.83120473573813
1.67525,-2.82514501097443
1.6754,-2.81910379507808
1.67555,-2.81308102112552
1.6757,-2.80707662245169
1.67585,-2.80109053264922
1.676,-2.7951226855673
1.67615,-2.78917301531094
1.6763,-2.7832414562399
1.67645,-2.77732794296774
1.6766,-2.77143241036101
1.67675,-2.76555479353821
1.6769,-2.75969502786888
1.67705,-2.75385304897273
1.6772,-2.74802879271865
1.67735,-2.74222219522384
1.6775,-2.73643319285283
1.67765,-2.73066172221667
1.6778,-2.72490772017191
1.67795,-2.71917112381972
1.6781,-2.71345187050504
1.67825,-2.70774989781558
1.6784,-2.70206514358101
1.67855,-2.69639754587201
1.6787,-2.69074704299934
1.67885,-2.68511357351306
1.679,-2.67949707620147
1.67915,-2.6738974900904
1.6793,-2.66831475444217
1.67945,-2.66274880875483
1.6796,-2.65719959276118
1.67975,-2.65166704642791
1.6799,-2.64615110995481
1.68005,-2.64065172377376
1.6802,-2.63516882854795
1.68035,-2.62970236517101
1.6805,-2.62425227476608
1.68065,-2.61881849868501
1.6808,-2.61340097850744
1.68095,-2.60799965604002
1.6811,-2.60261447331548
1.68125,-2.59724537259179
1.6814,-2.59189229635134
1.68155,-2.58655518730004
1.6817,-2.58123398836653
1.68185,-2.57592864270134
1.682,-2.57063909367591
1.68215,-2.56536528488199
1.6823,-2.56010716013055
1.68245,-2.55486466345116
1.6826,-2.54963773909102
1.68275,-2.54442633151416
1.6829,-2.53923038540067
1.68305,-2.53404984564578
1.6832,-2.52888465735915
1.68335,-2.52373476586397
1.6835,-2.51860011669614
1.68365,-2.51348065560352
1.6838,-2.50837632854505
1.68395,-2.50328708168998
1.6841,-2.49821286141708
1.68425,-2.49315361431375
1.6844,-2.48810928717534
1.68455,-2.48307982700424
1.6847,-2.47806518100916
1.68485,-2.47306529660431
1.685,-2.46808012140857
1.68515,-2.46310960324478
1.6853,-2.45815369013886
1.68545,-2.45321233031912
1.6856,-2.44828547221542
1.68575,-2.44337306445838
1.6859,-2.43847505587866
1.68605,-2.4335913955061
1.6862,-2.42872203256907
1.68635,-2.42386691649358
1.6865,-2.41902599690256
1.68665,-2.41419922361514
1.6868,-2.40938654664579
1.68695,-2.40458791620366
1.6871,-2.39980328269178
1.68725,-2.39503259670625
1.6874,-2.39027580903562
1.68755,-2.38553287065998
1.6877,-2.38080373275038
1.68785,-2.37608834666791
1.688,-2.37138666396313
1.68815,-2.3666986363752
1.6883,-2.36202421583118
1.68845,-2.35736335444535
1.6886,-2.35271600451837
1.68875,-2.34808211853667
1.6889,-2.34346164917165
1.68905,-2.33885454927891
1.6892,-2.33426077189767
1.68935,-2.3296802702499
1.6895,-2.3251129977397
1.68965,-2.32055890795253
1.6898,-2.31601795465452
1.68995,-2.31149009179178
1.6901,-2.30697527348962
1.69025,-2.30247345405192
1.6904,-2.29798458796042
1.69055,-2.29350862987393
1.6907,-2.28904553462775
1.69085,-2.28459525723291
1.691,-2.28015775287546
1.69115,-2.27573297691585
1.6913,-2.27132088488814
1.69145,-2.26692143249941
1.6916,-2.26253457562899
1.69175,-2.25816027032787
1.6919,-2.25379847281795
1.69205,-2.24944913949134
1.6922,-2.24511222690981
1.69235,-2.24078769180394
1.6925,-2.23647549107262
1.69265,-2.23217558178229
1.6928,-2.22788792116622
1.69295,-2.22361246662403
1.6931,-2.21934917572082
1.69325,-2.21509800618664
1.6934,-2.21085891591583
1.69355,-2.20663186296626
1.6937,-2.20241680555884
1.69385,-2.1982137020767
1.694,-2.19402251106469
1.69415,-2.18984319122865
1.6943,-2.18567570143476
1.69445,-2.18152000070898
1.6946,-2.17737604823631
1.69475,-2.17324380336024
1.6949,-2.16912322558207
1.69505,-2.16501427456026
1.6952,-2.16091691010989
1.69535,-2.15683109220191
1.6955,-2.15275678096262
1.69565,-2.14869393667298
1.6958,-2.14464251976804
1.69595,-2.1406024908363
1.6961,-2.13657381061907
1.69625,-2.1325564400099
1.6964,-2.12855034005393
1.69655,-2.12455547194732
1.6967,-2.12057179703664
1.69685,-2.11659927681819
1.697,-2.11263787293752
1.69715,-2.10868754718873
1.6973,-2.10474826151394
1.69745,-2.10081997800264
1.6976,-2.09690265889112
1.69775,-2.09299626656192
1.6979,-2.08910076354314
1.69805,-2.08521611250797
1.6982,-2.08134227627403
1.69835,-2.0774792178028
1.6985,-2.07362690019906
1.69865,-2.06978528671029
1.6988,-2.06595434072611
1.69895,-2.06213402577773
1.6991,-2.05832430553729
1.69925,-2.0545251438174
1.6994,-2.05073650457049
1.69955,-2.0469583518883
1.6997,-2.04319065000129
1.69985,-2.03943336327807
1.7,-2.03568645622489
